passage	node	occurrence	OSMmorph	OSMtype	BHStype	OSMmorphSuffix	OSMsuffixType	BHSsuffixType
Genesis 1:2	15	הָיְתָ֥ה	HVqp3fs	verb	verb:copulative verb:	None	?	:
Genesis 1:3	35	יְהִ֣י	HVqj3ms	verb	verb:copulative verb:	None	?	:
Genesis 1:3	38	יְהִי	HVqw3ms	verb	verb:copulative verb:	None	?	:
Genesis 1:4	51	בֵּ֥ין	HR	preposition	noun:potential preposition:	None	?	:
Genesis 1:4	55	בֵ֥ין	HR	preposition	noun:potential preposition:	None	?	:
Genesis 1:5	61	לָ	HRd	definite article	preposition::	None	?	:
Genesis 1:5	64	יֹ֔ום	HNcmsa	common	noun:potential adverb:	None	?	:
Genesis 1:5	66	לַ	HRd	definite article	preposition::	None	?	:
Genesis 1:5	70	לָ֑יְלָה	HNcmsa	common	noun:potential adverb:	None	?	:
Genesis 1:5	72	יְהִי	HVqw3ms	verb	verb:copulative verb:	None	?	:
Genesis 1:5	73	עֶ֥רֶב	HNcmsa	common	noun:potential adverb:	None	?	:
Genesis 1:5	75	יְהִי	HVqw3ms	verb	verb:copulative verb:	None	?	:
Genesis 1:5	76	בֹ֖קֶר	HNcmsa	common	noun:potential adverb:	None	?	:
Genesis 1:5	77	יֹ֥ום	HNcmsa	common	noun:potential adverb:	None	?	:
Genesis 1:6	82	יְהִ֥י	HVqj3ms	verb	verb:copulative verb:	None	?	:
Genesis 1:6	89	יהִ֣י	HVqi3ms	verb	verb:copulative verb:	None	?	:
Genesis 1:6	91	בֵּ֥ין	HR	preposition	noun:potential preposition:	None	?	:
Genesis 1:7	103	בֵּ֤ין	HR	preposition	noun:potential preposition:	None	?	:
Genesis 1:7	109	לָ	HRd	definite article	preposition::	None	?	:
Genesis 1:7	113	בֵ֣ין	HR	preposition	noun:potential preposition:	None	?	:
Genesis 1:7	119	לָ	HRd	definite article	preposition::	None	?	:
Genesis 1:7	123	יְהִי	HVqw3ms	verb	verb:copulative verb:	None	?	:
Genesis 1:7	124	כֵֽן	HD	adverb	adverb:anaphoric adverb:	None	?	:
Genesis 1:8	128	לָֽ	HRd	definite article	preposition::	None	?	:
Genesis 1:8	133	יְהִי	HVqw3ms	verb	verb:copulative verb:	None	?	:
Genesis 1:8	134	עֶ֥רֶב	HNcmsa	common	noun:potential adverb:	None	?	:
Genesis 1:8	136	יְהִי	HVqw3ms	verb	verb:copulative verb:	None	?	:
Genesis 1:8	137	בֹ֖קֶר	HNcmsa	common	noun:potential adverb:	None	?	:
Genesis 1:8	138	יֹ֥ום	HNcmsa	common	noun:potential adverb:	None	?	:
Genesis 1:9	159	כֵֽן	HD	adverb	adverb:anaphoric adverb:	None	?	:
Genesis 1:10	163	לַ	HRd	definite article	preposition::	None	?	:
Genesis 1:11	203	כֵֽן	HD	adverb	adverb:anaphoric adverb:	None	?	:
Genesis 1:13	230	עֶ֥רֶב	HNcmsa	common	noun:potential adverb:	None	?	:
Genesis 1:13	233	בֹ֖קֶר	HNcmsa	common	noun:potential adverb:	None	?	:
Genesis 1:14	247	בֵּ֥ין	HR	preposition	noun:potential preposition:	None	?	:
Genesis 1:14	251	בֵ֣ין	HR	preposition	noun:potential preposition:	None	?	:
Genesis 1:15	281	כֵֽן	HD	adverb	adverb:anaphoric adverb:	None	?	:
Genesis 1:18	330	בַּ	HRd	definite article	preposition::	None	?	:
Genesis 1:18	334	בַ	HRd	definite article	preposition::	None	?	:
Genesis 1:18	340	בֵּ֥ין	HR	preposition	noun:potential preposition:	None	?	:
Genesis 1:18	344	בֵ֣ין	HR	preposition	noun:potential preposition:	None	?	:
Genesis 1:21	390	כָּל	HNcmsc	common	noun:distributive noun:	None	?	:
Genesis 1:21	404	כָּל	HNcmsc	common	noun:distributive noun:	None	?	:
Genesis 1:22	428	בַּ	HRd	definite article	preposition::	None	?	:
Genesis 1:22	435	בָּ	HRd	definite article	preposition::	None	?	:
Genesis 1:24	460	חַֽיְתֹו	HNcfsc	common	noun::	None	?	:W
Genesis 1:24	466	כֵֽן	HD	adverb	adverb:anaphoric adverb:	None	?	:
Genesis 1:25	484	כָּל	HNcmsc	common	noun:distributive noun:	None	?	:
Genesis 1:26	521	כָל	HNcmsc	common	noun:distributive noun:	None	?	:
Genesis 1:26	526	כָל	HNcmsc	common	noun:distributive noun:	None	?	:
Genesis 1:28	583	כָל	HNcmsc	common	noun:distributive noun:	None	?	:
Genesis 1:29	597	כָּל	HNcmsc	common	noun:distributive noun:	None	?	:
Genesis 1:29	604	כָל	HNcmsc	common	noun:distributive noun:	None	?	:
Genesis 1:29	609	כָּל	HNcmsc	common	noun:distributive noun:	None	?	:
Genesis 1:30	624	כָל	HNcmsc	common	noun:distributive noun:	None	?	:
Genesis 1:30	653	כֵֽן	HD	adverb	adverb:anaphoric adverb:	None	?	:
Genesis 2:5	750	טֶ֚רֶם	HD	adverb	noun:potential preposition:	None	?	:
Genesis 2:5	760	טֶ֣רֶם	HD	adverb	noun:potential preposition:	None	?	:
Genesis 2:5	772	אַ֔יִן	HTn	negative	noun:copulative noun:	None	?	:
Genesis 2:14	936	קִדְמַ֣ת	HNcfsc	common	noun:potential preposition:	None	?	:
Genesis 2:24	1140	כֵּן֙	HTm	demonstrative	adverb:anaphoric adverb:	None	?	:
Genesis 2:24	1144	אָבִ֖יו	HNcmsc	common	noun::	HSp3ms	pronominal	p:J
Genesis 3:3	1231	תְּמֻתֽוּן	HVqi2mp	verb	verb::	HSn	paragogic nun	:
Genesis 3:4	1241	תְּמֻתֽוּן	HVqi2mp	verb	verb::	HSn	paragogic nun	:
Genesis 3:9	1354	אַיֶּֽכָּה	HTi	interrogative	interrogative particle::	HSp2ms	pronominal	p:N
Genesis 3:11	1385	בִלְתִּ֥י	HC	conjunction	noun:potential preposition:	None	?	:J
Genesis 3:12	1397	עִמָּדִ֔י	HR	preposition	noun:potential preposition:	HSp1cs	pronominal	p:
Genesis 3:24	1663	דֶּ֖רֶךְ	HNcbsc	common	noun:potential preposition:	None	?	:
Genesis 4:2	1691	אָחִ֖יו	HNcmsc	common	noun:distributive noun:	HSp3ms	pronominal	p:J
Genesis 4:4	1722	גַם	HD	adverb	adverb:focus particle:	None	?	:
Genesis 4:6	1759	לָ֚מָּה	HR	preposition	interrogative particle::	HTi	interrogative	:
Genesis 4:6	1763	לָ֖מָּה	HR	preposition	interrogative particle::	HTi	interrogative	:
Genesis 4:8	1792	אָחִ֑יו	HNcmsc	common	noun:distributive noun:	HSp3ms	pronominal	p:J
Genesis 4:8	1805	אָחִ֖יו	HNcmsc	common	noun:distributive noun:	HSp3ms	pronominal	p:J
Genesis 4:9	1815	אָחִ֑יךָ	HNcmsc	common	noun:distributive noun:	HSp2ms	pronominal	p:J
Genesis 4:10	1830	אָחִ֔יךָ	HNcmsc	common	noun:distributive noun:	HSp2ms	pronominal	p:J
Genesis 4:11	1851	אָחִ֖יךָ	HNcmsc	common	noun:distributive noun:	HSp2ms	pronominal	p:J
Genesis 4:15	1911	לָכֵן֙	HR	preposition	adverb:conjunctive adverb:	HD	adverb	:
Genesis 4:15	1915	שִׁבְעָתַ֖יִם	HNcfda	common	noun:cardinal:	None	?	:
Genesis 4:15	1924	בִלְתִּ֥י	HC	conjunction	noun:potential preposition:	None	?	:J
Genesis 4:16	1941	קִדְמַת	HNcfsc	common	noun:potential preposition:	None	?	:
Genesis 4:20	2010	אֲבִ֕י	HNcmsc	common	noun::	None	?	:J
Genesis 4:21	2017	אָחִ֖יו	HNcmsc	common	noun:distributive noun:	HSp3ms	pronominal	p:J
Genesis 4:21	2021	אֲבִ֕י	HNcmsc	common	noun::	None	?	:J
Genesis 4:22	2029	גַם	HD	adverb	adverb:focus particle:	None	?	:
Genesis 4:24	2068	שִׁבְעָתַ֖יִם	HNcfda	common	noun:cardinal:	None	?	:
Genesis 6:3	2650	גַּ֖ם	HD	adverb	adverb:focus particle:	None	?	:
Genesis 6:4	2674	כֵ֗ן	HD	adverb	adverb:anaphoric adverb:	None	?	:
Genesis 6:4	2689	גִּבֹּרִ֛ים	HAampa	adjective	noun::	None	?	:
Genesis 6:12	2822	דַּרְכֹּ֖ו	HNcbsc	common	noun:potential preposition:	HSp3ms	pronominal	p:
Genesis 6:16	2897	תְּכַלֶ֣נָּה	HVpi2ms	verb	verb::	HSp3fs	pronominal	p:N
Genesis 6:16	2900	מַ֔עְלָה	HD	adverb	noun::	HSd	directional he	:H
Genesis 6:22	3036	כֵּ֥ן	HTm	demonstrative	adverb:anaphoric adverb:	None	?	:
Genesis 7:20	3440	מַ֔עְלָה	HD	adverb	noun::	HSd	directional he	:H
Genesis 8:13	3807	רִאשֹׁון֙	HAamsa	adjective	adjective:ordinal:	None	?	:
Genesis 9:5	4110	אַ֨ךְ	HD	adverb	adverb:focus particle:	None	?	:
Genesis 9:5	4129	אָחִ֔יו	HNcmsc	common	noun:distributive noun:	HSp3ms	pronominal	p:J
Genesis 9:18	4387	אֲבִ֥י	HNcmsc	common	noun::	None	?	:J
Genesis 9:22	4424	אֲבִ֣י	HNcmsc	common	noun::	None	?	:J
Genesis 9:22	4428	אָבִ֑יו	HNcmsc	common	noun::	HSp3ms	pronominal	p:J
Genesis 10:8	4639	גִּבֹּ֖ר	HAamsa	adjective	noun::	None	?	:
Genesis 10:9	4651	כֵּן֙	HTm	demonstrative	adverb:anaphoric adverb:	None	?	:
Genesis 10:9	4655	גִּבֹּ֥ור	HAamsc	adjective	noun::	None	?	:
Genesis 10:19	4791	גְרָ֖רָה	HNp	proper name	proper noun::		?	:H
Genesis 10:19	4795	סְדֹ֧מָה	HNp	proper name	proper noun::		?	:H
Genesis 10:21	4821	אֲבִי֙	HNcmsc	common	noun::	None	?	:J
Genesis 10:21	4825	אֲחִ֖י	HNcmsc	common	noun:distributive noun:	None	?	:J
Genesis 10:30	4931	סְפָ֖רָה	HNp	proper name	proper noun::		?	:H
Genesis 11:3	4996	הָ֚בָה	HVqv2ms	verb	verb::	HSh	paragogic he	:
Genesis 11:4	5020	הָ֣בָה	HVqv2ms	verb	verb::	HSh	paragogic he	:
Genesis 11:7	5085	הָ֚בָה	HVqv2ms	verb	verb::	HSh	paragogic he	:
Genesis 11:9	5115	כֵּ֞ן	HTm	demonstrative	adverb:anaphoric adverb:	None	?	:
Genesis 11:10	5142	מְאַ֣ת	HR	preposition	noun:cardinal:	None	?	:
Genesis 11:10	5143	שָׁנָ֔ה	HAcbsc	cardinal number	noun::	HNcfsa	common	:
Genesis 11:29	5421	אֲבִֽי	HNcmsc	common	noun::	None	?	:J
Genesis 11:29	5424	אֲבִ֥י	HNcmsc	common	noun::	None	?	:J
Genesis 11:30	5430	אֵ֥ין	HTn	negative	noun:copulative noun:	None	?	:
Genesis 12:15	5766	פַרְעֹ֔ה	HNp	proper name	noun::	None	?	:
Genesis 12:15	5771	פַּרְעֹ֑ה	HNp	proper name	noun::	None	?	:
Genesis 12:15	5777	פַּרְעֹֽה	HNp	proper name	noun::	None	?	:
Genesis 12:17	5804	פַּרְעֹ֛ה	HNp	proper name	noun::	None	?	:
Genesis 12:18	5817	פַרְעֹה֙	HNp	proper name	noun::	None	?	:
Genesis 12:18	5826	לָ֚מָּה	HR	preposition	interrogative particle::	HTi	interrogative	:
Genesis 12:19	5833	לָמָ֤ה	HR	preposition	interrogative particle::	HTi	interrogative	:
Genesis 12:20	5853	פַּרְעֹ֖ה	HNp	proper name	noun::	None	?	:
Genesis 13:15	6153	אֶתְּנֶ֑נָּה	HVqi1cs	verb	verb::	HSp3fs	pronominal	p:N
Genesis 13:17	6192	אֶתְּנֶֽנָּה	HVqi1cs	verb	verb::	HSp3fs	pronominal	p:N
Genesis 15:2	6697	אֲדֹנָ֤י	HNcmpc	common	proper noun::	HSp1cs	pronominal	:
Genesis 15:8	6801	אֲדֹנָ֣י	HNcmpc	common	proper noun::	HSp1cs	pronominal	:
Genesis 15:8	6807	אִֽירָשֶֽׁנָּה	HVqi1cs	verb	verb::	HSp3fs	pronominal	p:N
Genesis 15:9	6811	קְחָ֥ה	HVqv2ms	verb	verb::	HSh	paragogic he	:
Genesis 15:14	6912	כֵ֥ן	HD	adverb	adverb:anaphoric adverb:	None	?	:
Genesis 16:7	7176	דֶ֥רֶךְ	HNcbsc	common	noun:potential preposition:	None	?	:
Genesis 16:13	7275	גַ֥ם	HD	adverb	adverb:focus particle:	None	?	:
Genesis 16:14	7281	כֵּן֙	HTm	demonstrative	adverb:anaphoric adverb:	None	?	:
Genesis 18:3	7844	אֲדֹנָ֗י	HNcmpc	common	proper noun::	HSp1cs	pronominal	:
Genesis 18:5	7880	כֵּ֥ן	HTm	demonstrative	adverb:anaphoric adverb:	None	?	:
Genesis 18:5	7886	כֵּ֥ן	HTm	demonstrative	adverb:anaphoric adverb:	None	?	:
Genesis 18:13	8030	לָ֣מָּה	HR	preposition	interrogative particle::	HTi	interrogative	:
Genesis 18:19	8132	דֶּ֣רֶךְ	HNcbsc	common	noun:potential preposition:	None	?	:
Genesis 18:22	8186	סְדֹ֑מָה	HNp	proper name	proper noun::		?	:H
Genesis 18:24	8206	יֵ֛שׁ	HTm	demonstrative	noun:copulative noun:	None	?	:
Genesis 18:27	8293	אֲדֹנָ֔י	HNcmpc	common	proper noun::	HSp1cs	pronominal	:
Genesis 18:29	8332	יִמָּצְא֥וּן	HVNi3mp	verb	verb::	HSn	paragogic nun	:
Genesis 18:30	8353	יִמָּצְא֥וּן	HVNi3mp	verb	verb::	HSn	paragogic nun	:
Genesis 18:31	8372	אֲדֹנָ֔י	HNcmpc	common	proper noun::	HSp1cs	pronominal	:
Genesis 18:31	8374	יִמָּצְא֥וּן	HVNi3mp	verb	verb::	HSn	paragogic nun	:
Genesis 18:32	8398	יִמָּצְא֥וּן	HVNi3mp	verb	verb::	HSn	paragogic nun	:
Genesis 19:1	8429	סְדֹ֨מָה֙	HNp	proper name	proper noun::		?	:H
Genesis 19:2	8470	דַרְכְּכֶ֑ם	HNcbsc	common	noun:potential preposition:	HSp2mp	pronominal	p:
Genesis 19:4	8499	טֶרֶם֮	HD	adverb	noun:potential preposition:	None	?	:
Genesis 19:8	8590	כֵּ֥ן	HTm	demonstrative	adverb:anaphoric adverb:	None	?	:
Genesis 19:21	8904	בִלְתִּ֛י	HC	conjunction	noun:potential preposition:	None	?	:J
Genesis 19:22	8924	כֵּ֛ן	HTm	demonstrative	adverb:anaphoric adverb:	None	?	:
Genesis 19:23	8939	צֹֽעֲרָה	HNp	proper name	proper noun::		?	:H
Genesis 19:31	9100	אֵ֤ין	HTn	negative	noun:copulative noun:	None	?	:
Genesis 19:31	9108	דֶ֖רֶךְ	HNcbsc	common	noun:potential preposition:	None	?	:
Genesis 19:32	9112	לְכָ֨ה	HVqv2ms	verb	verb::	HSh	paragogic he	:
Genesis 19:38	9231	גַם	HD	adverb	adverb:focus particle:	None	?	:
Genesis 20:4	9312	אֲדֹנָ֕י	HNcmpc	common	proper noun::	HSp1cs	pronominal	:
Genesis 20:5	9327	גַם	HD	adverb	adverb:focus particle:	None	?	:
Genesis 20:6	9366	כֵּ֥ן	HTm	demonstrative	adverb:anaphoric adverb:	None	?	:
Genesis 20:11	9474	אֵין	HTn	negative	noun:copulative noun:	None	?	:
Genesis 21:5	9686	מְאַ֣ת	HR	preposition	noun:cardinal:	None	?	:
Genesis 21:5	9687	שָׁנָ֑ה	HAcbsc	cardinal number	noun::	HNcfsa	common	:
Genesis 21:23	10032	הִשָּׁ֨בְעָה	HVNv2ms	verb	verb::	HSh	paragogic he	:
Genesis 21:26	10103	בִּלְתִּ֥י	HC	conjunction	noun:potential preposition:	None	?	:J
Genesis 22:7	10387	הִנֶּ֣נִּֽי	HTm	demonstrative	interjection::	HSp1cs	pronominal	p:N
Genesis 22:20	10669	גַם	HD	adverb	adverb:focus particle:	None	?	:
Genesis 23:1	10747	שְׁנֵ֖י	HAcmdc	cardinal number	noun::	None	?	:
Genesis 23:8	10850	יֵ֣שׁ	HTm	demonstrative	noun:copulative noun:	None	?	:
Genesis 23:19	11071	כֵן֩	HD	adverb	adverb:anaphoric adverb:	None	?	:
Genesis 24:15	11420	טֶרֶם֮	HD	adverb	noun:potential preposition:	None	?	:
Genesis 24:21	11536	דַּרְכֹּ֖ו	HNcbsc	common	noun:potential preposition:	HSp3ms	pronominal	p:
Genesis 24:23	11573	יֵ֧שׁ	HTm	demonstrative	noun:copulative noun:	None	?	:
Genesis 24:27	11632	דֶּ֨רֶךְ֙	HNcbsa	common	noun:potential preposition:	None	?	:
Genesis 24:31	11717	לָ֤מָּה	HR	preposition	interrogative particle::	HTi	interrogative	:
Genesis 24:42	11926	יֶשְׁךָ	HTm	demonstrative	noun:copulative noun:	HSp2ms	pronominal	p:
Genesis 24:45	11979	טֶ֨רֶם	HD	adverb	noun:potential preposition:	None	?	:
Genesis 24:49	12083	יֶשְׁכֶ֨ם	HTm	demonstrative	noun:copulative noun:	HSp2mp	pronominal	p:
Genesis 24:60	12282	רְבָבָ֑ה	HNcfsa	common	noun:noun of multitude:	None	?	:
Genesis 25:7	12523	שְׁנֵֽי	HAcmdc	cardinal number	noun::	None	?	:
Genesis 25:7	12528	מְאַ֥ת	HR	preposition	noun:cardinal:	None	?	:
Genesis 25:7	12529	שָׁנָ֛ה	HAcbsc	cardinal number	noun::	HNcfsa	common	:
Genesis 25:17	12670	שְׁנֵי֙	HAcmdc	cardinal number	noun::	None	?	:
Genesis 25:17	12673	מְאַ֥ת	HR	preposition	noun:cardinal:	None	?	:
Genesis 25:17	12674	שָׁנָ֛ה	HAcbsc	cardinal number	noun::	HNcfsa	common	:
Genesis 25:22	12769	לָ֥מָּה	HR	preposition	interrogative particle::	HTi	interrogative	:
Genesis 25:26	12826	כֵ֞ן	HD	adverb	adverb:anaphoric adverb:	None	?	:
Genesis 25:31	12917	מִכְרָ֥ה	HVqv2ms	verb	verb::	HSh	paragogic he	:
Genesis 25:32	12933	לָמָּה	HR	preposition	interrogative particle::	HTi	interrogative	:
Genesis 25:33	12940	הִשָּׁ֤בְעָה	HVNv2ms	verb	verb::	HSh	paragogic he	:
Genesis 26:1	13002	גְּרָֽרָה	HNp	proper name	proper noun::		?	:H
Genesis 26:33	13591	שִׁבְעָ֑ה	HAcmsa	cardinal number	proper noun::	None	?	:
Genesis 26:33	13598	שֶׁ֔בַע	HAcfsa	cardinal number	proper noun::	None	?	:
Genesis 27:3	13682	צ֥וּדָה	HVqv2ms	verb	verb::	HSh	paragogic he	:
Genesis 27:4	13693	הָבִ֥יאָה	HVhv2ms	verb	verb::	HSh	paragogic he	:
Genesis 27:4	13702	טֶ֥רֶם	HD	adverb	noun:potential preposition:	None	?	:
Genesis 27:18	13927	הִנֶּ֔נִּי	HTm	demonstrative	interjection::	HSp1cs	pronominal	p:N
Genesis 27:19	13953	תְּבָרֲכַ֥נִּי	HVpi3fs	verb	verb::	HSp1cs	pronominal	p:N
Genesis 27:31	14177	תְּבָרֲכַ֥נִּי	HVpi3fs	verb	verb::	HSp1cs	pronominal	p:N
Genesis 27:33	14215	טֶ֥רֶם	HD	adverb	noun:potential preposition:	None	?	:
Genesis 27:34	14241	גַם	HD	adverb	adverb:focus particle:	None	?	:
Genesis 27:38	14321	גַם	HD	adverb	adverb:focus particle:	None	?	:
Genesis 27:45	14450	אַף	HTa	affirmation	noun::	None	?	:
Genesis 27:45	14465	לָמָ֥ה	HR	preposition	interrogative particle::	HTi	interrogative	:
Genesis 27:46	14496	לָ֥מָּה	HR	preposition	interrogative particle::	HTi	interrogative	:
Genesis 28:13	14748	אֶתְּנֶ֖נָּה	HVqi1cs	verb	verb::	HSp3fs	pronominal	p:N
Genesis 28:16	14814	יֵ֣שׁ	HTm	demonstrative	noun:copulative noun:	None	?	:
Genesis 28:17	14835	אֵ֣ין	HTn	negative	noun:copulative noun:	None	?	:
Genesis 28:19	14886	רִאשֹׁנָֽה	HAafsa	adjective	adjective:ordinal:	None	?	:
Genesis 30:1	15615	אַ֖יִן	HTn	negative	noun:copulative noun:	None	?	:
Genesis 30:2	15620	אַ֥ף	HTa	affirmation	noun::	None	?	:
Genesis 30:15	15823	לָכֵן֙	HR	preposition	adverb:conjunctive adverb:	HD	adverb	:
Genesis 31:20	16737	בְּלִי֙	HTn	negative	noun:potential preposition:	None	?	:
Genesis 31:29	16894	יֶשׁ	HTm	demonstrative	noun:copulative noun:	None	?	:
Genesis 31:50	17327	אֵ֥ין	HTn	negative	noun:copulative noun:	None	?	:
Genesis 32:5	17500	תֹאמְר֔וּן	HVqi2mp	verb	verb:quotation verb:	HSn	paragogic nun	:
Genesis 32:20	17837	תְּדַבְּר֣וּן	HVpi2mp	verb	verb:quotation verb:	HSn	paragogic nun	:
Genesis 33:2	18114	רִֽאשֹׁנָ֑ה	HAafsa	adjective	adjective:ordinal:	None	?	:
Genesis 33:9	18231	יֶשׁ	HTm	demonstrative	noun:copulative noun:	None	?	:
Genesis 33:11	18278	יֶשׁ	HTm	demonstrative	noun:copulative noun:	None	?	:
Genesis 35:16	19358	אֶפְרָ֑תָה	HNp	proper name	proper noun::	None	?	:H
Genesis 35:19	19407	אֶפְרָ֔תָה	HNp	proper name	proper noun::	None	?	:H
Genesis 35:28	19526	מְאַ֥ת	HR	preposition	noun:cardinal:	None	?	:
Genesis 35:28	19527	שָׁנָ֖ה	HAcbsc	cardinal number	noun::	HNcfsa	common	:
Genesis 37:17	20482	דֹּתָ֑יְנָה	HNp	proper name	proper noun::		?	:H
Genesis 37:18	20499	טֶ֨רֶם֙	HD	adverb	noun:potential preposition:	None	?	:
Genesis 37:24	20615	אֵ֥ין	HTn	negative	noun:copulative noun:	None	?	:
Genesis 37:29	20717	אֵין	HTn	negative	noun:copulative noun:	None	?	:
Genesis 37:30	20737	אָ֥נָה	HD	adverb	interrogative particle::	None	?	:
Genesis 37:36	20841	פַּרְעֹ֔ה	HNp	proper name	noun::	None	?	:
Genesis 38:9	20979	בִלְתִּ֥י	HC	conjunction	noun:potential preposition:	None	?	:J
Genesis 39:1	21424	פַּרְעֹ֜ה	HNp	proper name	noun::	None	?	:
Genesis 39:4	21483	יֶשׁ	HTm	demonstrative	noun:copulative noun:	None	?	:
Genesis 39:11	21665	אֵ֨ין	HTn	negative	noun:copulative noun:	None	?	:
Genesis 40:2	21935	פַּרְעֹ֔ה	HNp	proper name	noun::	None	?	:
Genesis 40:7	22027	פַרְעֹ֗ה	HNp	proper name	noun::	None	?	:
Genesis 41:20	22724	רִאשֹׁנֹ֖ות	HAafpa	adjective	adjective:ordinal:	None	?	:
Genesis 41:27	22856	שְׁנֵ֥י	HAcmdc	cardinal number	noun::	None	?	:
Genesis 41:30	22885	שְׁנֵ֤י	HAcmdc	cardinal number	noun::	None	?	:
Genesis 41:50	23277	טֶ֥רֶם	HD	adverb	noun:potential preposition:	None	?	:
Genesis 43:3	24185	בִּלְתִּ֖י	HC	conjunction	noun:potential preposition:	None	?	:J
Genesis 43:5	24213	בִּלְתִּ֖י	HC	conjunction	noun:potential preposition:	None	?	:J
Genesis 43:32	24779	יוּכְל֜וּן	HVqi3mp	verb	verb::	HSn	paragogic nun	:
Genesis 44:4	24920	טֹובָֽה	HAafsa	adjective	noun::	None	?	:
Genesis 44:23	25258	תֹסִפ֖וּן	HVhi2mp	verb	verb::	HSn	paragogic nun	:
Genesis 45:28	25991	טֶ֥רֶם	HD	adverb	noun:potential preposition:	None	?	:
Genesis 47:18	26979	בִּלְתִּ֥י	HC	conjunction	noun:potential preposition:	None	?	:J
Genesis 50:20	28635	טֹבָ֔ה	HAafsa	adjective	noun::	None	?	:
Exodus 4:10	30370	אֲדֹנָי֒	HNcmpc	common	proper noun::	HSp1cs	pronominal	:
Exodus 4:13	30433	אֲדֹנָ֑י	HNcmpc	common	proper noun::	HSp1cs	pronominal	:
Exodus 4:14	30441	אַ֨ף	HTa	affirmation	noun::	None	?	:
Exodus 5:22	31216	אֲדֹנָ֗י	HNcmpc	common	proper noun::	HSp1cs	pronominal	:
Exodus 6:6	31334	לָכֵ֞ן	HR	preposition	adverb:conjunctive adverb:	HD	adverb	:
Exodus 8:18	32802	בִלְתִּ֥י	HC	conjunction	noun:potential preposition:	None	?	:J
Exodus 8:25	32965	בִלְתִּי֙	HC	conjunction	noun:potential preposition:	None	?	:J
Exodus 10:7	33968	הֲ	HTd	definite article	interrogative particle:interrogative particle:	None	?	:
Exodus 10:29	34441	כֵּ֣ן	HTm	demonstrative	adjective::	None	?	:
Exodus 12:9	34847	נָ֔א	HTe	exhortation	adjective::	None	?	:
Exodus 15:17	37133	אֲדֹנָ֖י	HNcmpc	common	proper noun::	HSp1cs	pronominal	:
Exodus 16:28	37951	אָ֨נָה֙	HD	adverb	interrogative particle::	None	?	:
Exodus 18:9	38640	טֹּובָ֔ה	HAafsa	adjective	noun::	None	?	:
Exodus 21:8	40141	לא	HTn	negative	preposition::	None	?	p:
Exodus 25:20	42254	מַ֗עְלָה	HD	adverb	noun::	HSd	directional he	:H
Exodus 32:19	46923	אַ֣ף	HTa	affirmation	noun::	None	?	:
Exodus 32:22	46988	אַ֖ף	HTa	affirmation	noun::	None	?	:
Exodus 34:1	47776	רִאשֹׁנִ֑ים	HAampa	adjective	adjective:ordinal:	None	?	:
Exodus 34:1	47791	רִאשֹׁנִ֖ים	HAampa	adjective	adjective:ordinal:	None	?	:
Exodus 34:4	47851	רִאשֹׁנִ֗ים	HAampa	adjective	adjective:ordinal:	None	?	:
Exodus 37:9	50072	מַ֗עְלָה	HD	adverb	noun::	HSd	directional he	:H
Exodus 38:25	50893	מְאַ֣ת	HR	preposition	noun:cardinal:	None	?	:
Exodus 38:25	50894	כִּכָּ֑ר	HAcbsc	cardinal number	noun::	HNcbsa	common	:
Exodus 38:26	50932	מַ֔עְלָה	HD	adverb	noun::	HSd	directional he	:H
Exodus 38:27	50947	מְאַת֙	HR	preposition	noun:cardinal:	None	?	:
Exodus 38:27	50948	כִּכַּ֣ר	HAcbsc	cardinal number	noun::	HNcbsc	common	:
Exodus 38:27	50962	מְאַ֧ת	HR	preposition	noun:cardinal:	None	?	:
Exodus 38:27	50963	אֲדָנִ֛ים	HAcbsc	cardinal number	noun::	HNcmpa	common	:
Leviticus 5:8	54477	רִאשֹׁונָ֑ה	HAafsa	adjective	adjective:ordinal:	None	?	:
Leviticus 9:15	57192	רִאשֹֽׁון	HAamsa	adjective	adjective:ordinal:	None	?	:
Leviticus 11:21	58184	לא	HTn	negative	preposition::	None	?	p:
Leviticus 25:30	67708	לא	HTn	negative	preposition::	None	?	p:
Leviticus 26:8	68272	רְבָבָ֣ה	HNcfsa	common	noun:noun of multitude:	None	?	:
Leviticus 26:45	68925	רִאשֹׁנִ֑ים	HAampa	adjective	adjective:ordinal:	None	?	:
Leviticus 27:7	69079	מַ֨עְלָה֙	HD	adverb	noun::	HSd	directional he	:H
Numbers 1:3	69665	מַ֔עְלָה	HD	adverb	noun::	HSd	directional he	:H
Numbers 1:16	69771	אַלְפֵ֥י	HAcbpc	cardinal number	noun:noun of multitude:	None	?	:
Numbers 1:18	69816	מַ֖עְלָה	HD	adverb	noun::	HSd	directional he	:H
Numbers 1:20	69854	מַ֔עְלָה	HD	adverb	noun::	HSd	directional he	:H
Numbers 1:22	69891	מַ֔עְלָה	HD	adverb	noun::	HSd	directional he	:H
Numbers 2:9	70537	מְאַ֨ת	HR	preposition	noun:cardinal:	None	?	:
Numbers 2:9	70538	אֶ֜לֶף	HAcbsc	cardinal number	noun:cardinal:	HAcbsa	cardinal number	:
Numbers 2:16	70632	מְאַ֨ת	HR	preposition	noun:cardinal:	None	?	:
Numbers 2:16	70633	אֶ֜לֶף	HAcbsc	cardinal number	noun:cardinal:	HAcbsa	cardinal number	:
Numbers 2:24	70744	אֶ֛לֶף	HAcbsc	cardinal number	noun:cardinal:	HAcbsa	cardinal number	:
Numbers 2:31	70834	אֶ֗לֶף	HAcbsc	cardinal number	noun:cardinal:	HAcbsa	cardinal number	:
Numbers 7:13	74146	מְלֵאִ֗ים	HAampa	adjective	verb::	None	?	:
Numbers 7:14	74158	מְלֵאָ֥ה	HAafsa	adjective	verb::	None	?	:
Numbers 7:19	74228	מְלֵאִ֗ים	HAampa	adjective	verb::	None	?	:
Numbers 7:20	74240	מְלֵאָ֥ה	HAafsa	adjective	verb::	None	?	:
Numbers 7:25	74309	מְלֵאִ֗ים	HAampa	adjective	verb::	None	?	:
Numbers 7:26	74321	מְלֵאָ֥ה	HAafsa	adjective	verb::	None	?	:
Numbers 7:31	74390	מְלֵאִ֗ים	HAampa	adjective	verb::	None	?	:
Numbers 7:32	74402	מְלֵאָ֥ה	HAafsa	adjective	verb::	None	?	:
Numbers 7:37	74471	מְלֵאִ֗ים	HAampa	adjective	verb::	None	?	:
Numbers 7:38	74483	מְלֵאָ֥ה	HAafsa	adjective	verb::	None	?	:
Numbers 10:4	76318	אַלְפֵ֥י	HAcbpc	cardinal number	noun:noun of multitude:	None	?	:
Numbers 10:36	76792	רִֽבְבֹ֖ות	HNcfpc	common	noun:noun of multitude:	None	?	:
Numbers 10:36	76793	אַלְפֵ֥י	HAcbpc	cardinal number	noun:noun of multitude:	None	?	:
Numbers 11:10	76982	אַ֤ף	HTa	affirmation	noun::	None	?	:
Numbers 12:9	77733	אַ֧ף	HTa	affirmation	noun::	None	?	:
Numbers 13:28	78266	אֶ֚פֶס	HNcmsa	common	noun:copulative noun:	None	?	:
Numbers 14:11	78625	אָ֥נָה	HD	adverb	interrogative particle::	None	?	:
Numbers 14:11	78633	אָ֨נָה֙	HD	adverb	interrogative particle::	None	?	:
Numbers 16:11	80256	לָכֵ֗ן	HR	preposition	adverb:conjunctive adverb:	HD	adverb	:
Numbers 20:12	82792	לָכֵ֗ן	HR	preposition	adverb:conjunctive adverb:	HD	adverb	:
Numbers 22:22	84242	אַ֣ף	HTa	affirmation	noun::	None	?	:
Numbers 22:27	84374	אַ֣ף	HTa	affirmation	noun::	None	?	:
Numbers 22:35	84560	אֶ֗פֶס	HNcmsa	common	noun:copulative noun:	None	?	:
Numbers 23:13	84915	אֶ֚פֶס	HNcmsa	common	noun:copulative noun:	None	?	:
Numbers 23:18	85007	בְּנֹ֥ו	HNcmsc	common	noun::	HSp3ms	pronominal	:W
Numbers 24:3	85260	בְּנֹ֣ו	HNcmsc	common	noun::	HSp3ms	pronominal	:W
Numbers 24:10	85352	אַ֤ף	HTa	affirmation	noun::	None	?	:
Numbers 24:13	85425	טֹובָ֛ה	HAafsa	adjective	noun::	None	?	:
Numbers 24:15	85462	בְּנֹ֣ו	HNcmsc	common	noun::	HSp3ms	pronominal	:W
Numbers 25:6	85714	מִּדְיָנִ֔ית	HAafsa	adjective	adjective:gentilic:	None	?	:
Numbers 25:12	85826	לָכֵ֖ן	HR	preposition	adverb:conjunctive adverb:	HD	adverb	:
Numbers 25:14	85864	מִּדְיָנִ֔ית	HAafsa	adjective	adjective:gentilic:	None	?	:
Numbers 25:15	85881	מִּדְיָנִ֖ית	HAafsa	adjective	adjective:gentilic:	None	?	:
Numbers 27:7	87018	כֵּ֗ן	HTm	demonstrative	adjective::	None	?	:
Numbers 31:5	88937	אַלְפֵ֣י	HAcbpc	cardinal number	noun:noun of multitude:	None	?	:
Numbers 31:48	89752	אַלְפֵ֣י	HAcbpc	cardinal number	noun:noun of multitude:	None	?	:
Numbers 34:5	91484	נַ֣חְלָה	HNcmsc	common	noun::	HSh	paragogic he	:H
Numbers 36:5	92641	כֵּ֛ן	HTm	demonstrative	adjective::	None	?	:
Deuteronomy 1:28	93374	אָנָ֣ה	HD	adverb	interrogative particle::	None	?	:
Deuteronomy 10:17	99503	גִּבֹּר֙	HAamsa	adjective	noun::	None	?	:
Deuteronomy 15:4	102035	אֶ֕פֶס	HNcmsa	common	noun:copulative noun:	None	?	:
Deuteronomy 23:7	106011	טֹבָתָ֑ם	HAafsc	adjective	noun::	HSp3mp	pronominal	p:
Deuteronomy 26:14	107494	אֹנִ֜י	HNcmsa	common	noun::	None	?	p:
Deuteronomy 28:11	108272	טֹובָ֔ה	HAafsa	adjective	noun::	None	?	:
Deuteronomy 32:11	111587	כְּנָפָיו֙	HD	adverb	noun::		?	p:
Deuteronomy 32:30	111834	רְבָבָ֑ה	HNcfsa	common	noun:noun of multitude:	None	?	:
Deuteronomy 33:2	112259	רִבְבֹ֣ת	HNcfpc	common	noun:noun of multitude:	None	?	:
Deuteronomy 33:17	112490	אַפְסֵי	HNcmpc	common	noun:copulative noun:	None	?	:
Deuteronomy 33:17	112494	רִבְבֹ֣ות	HNcfpc	common	noun:noun of multitude:	None	?	:
Deuteronomy 33:17	112498	אַלְפֵ֥י	HAcbpc	cardinal number	noun:noun of multitude:	None	?	:
Joshua 2:4	113450	כֵּ֗ן	HTm	demonstrative	adjective::	None	?	:
Joshua 2:5	113476	אָ֥נָה	HD	adverb	interrogative particle::	None	?	:
Joshua 15:28	121878	שֶׁ֖בַע	HAcfsa	cardinal number	proper noun::	None	?	:
Joshua 18:3	122887	אָ֨נָה֙	HD	adverb	interrogative particle::	None	?	:
Joshua 19:2	123440	שֶׁ֥בַע	HAcfsa	cardinal number	proper noun::	None	?	:
Joshua 19:2	123442	שֶׁ֖בַע	HAcfsa	cardinal number	proper noun::	None	?	:
Joshua 21:11	124651	מִגְרָשֶׁ֖הָ	HNcmpc	common	noun::	HSd	directional he	p:
Joshua 21:13	124684	מִגְרָשֶׁ֑הָ	HNcmpc	common	noun::	HSd	directional he	p:
Joshua 21:13	124690	מִגְרָשֶֽׁהָ	HNcmpc	common	noun::	HSd	directional he	p:
Joshua 21:14	124696	מִגְרָשֶׁ֔הָ	HNcmpc	common	noun::	HSd	directional he	p:
Joshua 21:14	124702	מִגְרָשֶֽׁהָ	HNcmpc	common	noun::	HSd	directional he	p:
Joshua 21:15	124708	מִגְרָשֶׁ֔הָ	HNcmpc	common	noun::	HSd	directional he	p:
Joshua 21:15	124714	מִגְרָשֶֽׁהָ	HNcmpc	common	noun::	HSd	directional he	p:
Joshua 21:16	124720	מִגְרָשֶׁ֗הָ	HNcmpc	common	noun::	HSd	directional he	p:
Joshua 21:16	124726	מִגְרָשֶׁ֔הָ	HNcmpc	common	noun::	HSd	directional he	p:
Joshua 21:16	124731	מִגְרָשֶׁ֑הָ	HNcmpc	common	noun::	HSd	directional he	p:
Joshua 22:14	125618	אַלְפֵ֥י	HAcbpc	cardinal number	noun:noun of multitude:	None	?	:
Joshua 22:21	125800	אַלְפֵ֥י	HAcbpc	cardinal number	noun:noun of multitude:	None	?	:
Joshua 22:30	126046	אַלְפֵ֤י	HAcbpc	cardinal number	noun:noun of multitude:	None	?	:
Judges 1:5	127539	אֲדֹנִ֥י בֶ֨זֶק֙	HNp	proper name	proper noun::	HNp	proper name	:
Judges 1:6	127556	אֲדֹ֣נִי בֶ֔זֶק	HNp	proper name	proper noun::	HNp	proper name	:
Judges 1:7	127572	אֲדֹֽנִי־בֶ֗זֶק	HNp	proper name	proper noun::	HNp	proper name	:
Judges 1:10	127653	קִרְיַ֣ת אַרְבַּ֑ע	HNp	proper name	proper noun::	HAcfsa	cardinal number	:
Judges 1:11	127676	קִרְיַת־סֵֽפֶר	HNp	proper name	proper noun::	HNp	proper name	:
Judges 1:12	127683	קִרְיַת־סֵ֖פֶר	HNp	proper name	proper noun::	HNp	proper name	:
Judges 1:22	127904	בֵּֽית־אֵ֑ל	HNp	proper name	proper noun::	HNp	proper name	:
Judges 1:23	127913	בֵֽית־אֵ֑ל	HNp	proper name	proper noun::	HNp	proper name	:
Judges 1:27	127992	בֵּית־שְׁאָ֣ן	HNp	proper name	proper noun::	HNp	proper name	:
Judges 1:33	128133	בֵֽית־שֶׁ֨מֶשׁ֙	HNp	proper name	proper noun::	HNp	proper name	:
Judges 1:33	128137	בֵית־עֲנָ֔ת	HNp	proper name	proper noun::	HNp	proper name	:
Judges 4:9	129562	אֶ֚פֶס	HNcmsa	common	noun:copulative noun:	None	?	:
Judges 4:11	129619	חֹתֵ֣ן	HNcmsc	common	verb::	None	?	:
Judges 5:26	130324	עֲמֵלִ֑ים	HNcmpa	common	adjective::	None	?	:
Judges 6:11	130641	אֲבִ֣י	HNgmsa	gentilic	noun::	None	?	:J
Judges 6:15	130741	אַלְפִּי֙	HNcmsc	common	noun:noun of multitude:	HSp1cs	pronominal	p:
Judges 6:24	130962	אֲבִ֥י	HNgmsa	gentilic	noun::	None	?	:J
Judges 8:7	132272	לָכֵ֗ן	HR	preposition	adverb:conjunctive adverb:	HD	adverb	:
Judges 10:13	134367	לָכֵ֥ן	HR	preposition	adverb:conjunctive adverb:	HD	adverb	:
Judges 11:8	134614	לָכֵן֙	HR	preposition	adverb:conjunctive adverb:	HD	adverb	:
Judges 12:6	135537	כֵּ֔ן	HTm	demonstrative	adjective::	None	?	:
Judges 19:17	139509	אָ֥נָה	HD	adverb	interrogative particle::	None	?	:
Judges 19:23	139675	אַל	HTn	negative	preposition::	None	?	:
Judges 20:1	139905	שֶׁ֔בַע	HAcfsa	cardinal number	proper noun::	None	?	:
Judges 20:10	140087	רְבָבָ֔ה	HNcfsa	common	noun:noun of multitude:	None	?	:
1_Samuel 2:10	142251	אַפְסֵי	HNcmpc	common	noun:copulative noun:	None	?	:
1_Samuel 2:30	142706	לָכֵ֗ן	HR	preposition	adverb:conjunctive adverb:	HD	adverb	:
1_Samuel 4:21	143795	אִֽי־כָבֹוד֙	HTj	interjection	proper noun::		?	:
1_Samuel 7:9	144886	יעלה	HVhw3ms	verb	verb::	None	?	p:
1_Samuel 10:19	146672	אַלְפֵיכֶֽם	HAcbpc	cardinal number	noun:noun of multitude:	HSp2mp	pronominal	p:
1_Samuel 16:16	150632	טֹ֥וב	HVqq3ms	verb	adjective::	None	?	:
1_Samuel 16:23	150776	טֹ֣וב	HVqp3ms	verb	adjective::	None	?	:
1_Samuel 18:1	152175	יאהבו	HVqw3ms	verb	verb::	None	?	p:
1_Samuel 18:7	152309	רִבְבֹתָֽיו	HNcfpc	common	noun:noun of multitude:	HSp3ms	pronominal	p:
1_Samuel 18:8	152328	רְבָבֹ֔ות	HNcfpa	common	noun:noun of multitude:	None	?	:
1_Samuel 23:17	155703	כֵּֽן	HTm	demonstrative	adjective::	None	?	:
1_Samuel 27:10	158427	אַל	HTn	negative	interrogative particle::	None	?	:
2_Samuel 1:21	160870	בְּלִ֖י	HTn	negative	noun:potential preposition:	None	?	:
2_Samuel 2:1	160986	אָ֥נָה	HD	adverb	interrogative particle::	None	?	:
2_Samuel 12:14	166691	אֶ֗פֶס	HNcmsa	common	noun:copulative noun:	None	?	:
2_Samuel 13:13	167413	אָ֤נָה	HD	adverb	interrogative particle::	None	?	:
2_Samuel 16:18	170177	לא	HTn	negative	preposition::	None	?	p:
2_Samuel 17:11	170533	שֶׁ֔בַע	HAcfsa	cardinal number	proper noun::	None	?	:
2_Samuel 19:7	172095	לא	HTn	negative	conjunction::	None	?	:
2_Samuel 20:1	173091	שֶׁ֥בַע	HAcfsa	cardinal number	proper noun::	None	?	:
2_Samuel 20:2	173128	שֶׁ֣בַע	HAcfsa	cardinal number	proper noun::	None	?	:
2_Samuel 20:6	173220	שֶׁ֥בַע	HAcfsa	cardinal number	proper noun::	None	?	:
2_Samuel 24:3	175489	כָּהֵ֤ם	HR	preposition	preposition::	HPp3mp	personal	p:
2_Samuel 24:3	175491	כָהֵם֙	HR	preposition	preposition::	HPp3mp	personal	p:
1_Kings 6:24	180572	כְּנָפָ֖יו	HD	adverb	noun::		?	p:
1_Kings 6:24	180576	כְּנָפָֽיו	HD	adverb	noun::		?	p:
1_Kings 22:49	194645	עשׂר	HAcmsa	cardinal number	verb::	None	?	:
2_Kings 6:10	198335	הזהירה	HVhp3ms	verb	verb::	HSh	paragogic he	p:
2_Kings 8:10	199807	לא	HTn	negative	preposition::	None	?	p:
2_Kings 25:27	212008	אֱוִ֣יל מְרֹדַךְ֩	HAamsa	adjective	proper noun::		?	:
Isaiah 1:5	212146	וְ	HR	preposition	conjunction::	None	?	:
Isaiah 3:24	213261	כִּי	HC	conjunction	noun::	None	?	:
Isaiah 3:26	213275	אָנ֥וּ	HD	adverb	verb::	None	?	:
Isaiah 5:8	213572	אֶ֣פֶס	HNcmsc	common	noun:copulative noun:	None	?	:
Isaiah 9:2	215177	לא	HTn	negative	preposition::	None	?	p:
Isaiah 14:6	216934	בְּלִ֥י	HTn	negative	noun:potential preposition:	None	?	:
Isaiah 19:8	218260	אָנוּ֙	HD	adverb	verb::	None	?	:
Isaiah 23:2	219430	אִ֑י	HTj	interjection	noun::	None	?	:
Isaiah 23:6	219483	אִֽי	HTj	interjection	noun::	None	?	:
Isaiah 28:8	220950	בְּלִ֖י	HTn	negative	noun:potential preposition:	None	?	:
Isaiah 32:10	222800	בְּלִ֥י	HTn	negative	noun:potential preposition:	None	?	:
Isaiah 34:12	223468	אָֽפֶס	HNcmsa	common	noun:copulative noun:	None	?	:
Isaiah 34:16	223544	קִבְּצָֽן	HVpp3ms	verb	verb::	HSn	paragogic nun	p:
Isaiah 38:17	225311	בְּלִ֔י	HTn	negative	noun:potential preposition:	None	?	:
Isaiah 47:8	228639	אַפְסִ֣י	HNcmsc	common	noun:copulative noun:	HSp1cs	pronominal	:J
Isaiah 47:10	228689	אַפְסִ֥י	HNcmsc	common	noun:copulative noun:	HSp1cs	pronominal	:J
Isaiah 49:5	229221	לא	HTn	negative	preposition::	None	?	p:
Isaiah 56:9	231488	חַיְתֹ֣ו	HNcfsc	common	noun::	None	?	:W
Isaiah 56:9	231494	חַיְתֹ֖ו	HNcfsc	common	noun::	None	?	:W
Isaiah 63:9	233605	לא	HTn	negative	preposition::	None	?	p:
Jeremiah 9:24	239863	מ֖וּל	HR	preposition	verb::	None	?	:
Jeremiah 18:3	243708	הו	HSp3ms	pronominal	personal pronoun::	None	?	:
Jeremiah 47:4	260328	אִ֥י	HTj	interjection	noun::	None	?	:
Jeremiah 47:6	260350	אַל	HTn	negative	preposition::	None	?	:
Jeremiah 52:31	264667	אֱוִ֣יל מְרֹדַךְ֩	HAamsa	adjective	proper noun::		?	:
Ezekiel 48:16	290515	חֲמֵ֥שׁ חמשׁ	HAcfsa	cardinal number	noun:cardinal:	HAcfsa	cardinal number	:
Hosea 1:4	290992	מְעַ֗ט	HAamsa	adjective	noun:potential adverb:	None	?	:
Hosea 1:6	291032	לֹ֣א רֻחָ֑מָה	HTn	negative	proper noun::	HNp	proper name	:
Hosea 1:8	291074	לֹ֣א רֻחָ֑מָה	HTn	negative	proper noun::	HNp	proper name	:
Hosea 1:9	291084	לֹ֣א עַמִּ֑י	HTn	negative	proper noun::	HNp	proper name	:
Hosea 2:3	291153	רֻחָֽמָה	HVPp3fs	verb	proper noun::	None	?	:
Hosea 2:25	291573	לֹ֣א רֻחָ֑מָה	HTn	negative	proper noun::	HNp	proper name	:
Hosea 4:18	291977	מָגִנֶּֽיהָ	HNcbpc	common	adjective::	HSp3fs	pronominal	p:
Hosea 7:4	292417	אֹפֶ֑ה	HVqrmsa	verb	noun::	None	?	:
Hosea 7:6	292448	אֹֽפֵהֶ֔ם	HVqrmsc	verb	noun::	HSp3mp	pronominal	p:
Hosea 7:8	292480	בְּלִ֥י	HTn	negative	noun:potential preposition:	None	?	:
Hosea 8:7	292687	בְּלִ֣י	HTn	negative	noun:potential preposition:	None	?	:
Hosea 8:10	292726	מְּעָ֔ט	HAamsa	adjective	noun:potential adverb:	None	?	:
Hosea 9:10	292956	אָהֳבָֽם	HVqc	verb	noun::	HSp3mp	pronominal	p:
Hosea 10:13	293265	עַוְלָ֥תָה	HNcfsc	common	noun::	HSd	directional he	:
Hosea 13:10	293827	אֵפֹ֔וא	HD	adverb	interjection::	None	?	:
Joel 3:2	294932	הֵ֔מָּה	HPdxmp	demonstrative	personal pronoun::	None	?	:
Joel 4:1	295007	הֵ֖מָּה	HPdxmp	demonstrative	personal pronoun::	None	?	:
Joel 4:3	295061	זֹּונָ֔ה	HNcfsa	common	verb::	None	?	:
Joel 4:8	295155	שְׁבָאיִ֖ם	HNgmpa	gentilic	proper noun::	None	?	:
Joel 4:14	295245	חָר֑וּץ	HNp	proper name	verb::	None	?	:
Joel 4:14	295253	חָרֽוּץ	HNp	proper name	verb::	None	?	:
Amos 5:14	296736	כֵ֞ן	HD	adverb	adjective::	None	?	:
Amos 5:25	296900	הַ	HTi	interrogative	article::	None	?	:
Amos 6:2	296968	רַבָּ֑ה	HNp	proper name	adjective::	None	?	:
Obadiah 1:3	298206	שִׁבְתֹּ֑ו	HNcfsc	common	verb::	HSp3ms	pronominal	p:
Jonah 1:15	298910	זַּעְפֹּֽו	HVqc	verb	noun::	HSp3ms	pronominal	p:
Jonah 2:4	298980	וְ	HR	preposition	conjunction::	None	?	:
Jonah 3:5	299157	וְ	HR	preposition	conjunction::	None	?	:
Jonah 4:11	299537	וּ	HR	preposition	conjunction::	None	?	:
Habakkuk 2:19	302774	דּוּמָ֑ם	HNcmsa	common	adverb::	None	?	:
Habakkuk 2:20	302794	הַ֥ס	HTj	interjection	verb::	None	?	:
Zephaniah 1:7	303207	הַ֕ס	HTj	interjection	verb::	None	?	:
Zephaniah 1:11	303303	נְטִ֥ילֵי	HNcmpc	common	adjective::	None	?	:
Zephaniah 2:14	303699	חַיְתֹו	HNcfsc	common	noun::	HSp3ms	pronominal	:W
Zephaniah 2:15	303735	אַפְסִ֣י	HNcmsc	common	noun:copulative noun:	HSp1cs	pronominal	:J
Zephaniah 3:7	303852	אָכֵן֙	HD	adverb	interjection::	None	?	:
Zephaniah 3:8	303873	קָבְצִ֣י	HVqc	verb	verb::	HSp1cs	pronominal	:J
Zephaniah 3:10	303914	פּוּצַ֔י	HVqsmsc	verb	noun::	HSp1cs	pronominal	:
Haggai 1:6	304217	מְעָ֗ט	HAamsa	adjective	noun:potential adverb:	None	?	:
Haggai 1:9	304272	מְעָ֔ט	HAamsa	adjective	noun:potential adverb:	None	?	:
Haggai 2:6	304606	הֶ	HR	preposition	article::	None	?	:
Haggai 2:18	304862	מָ֑עְלָה	HR	preposition	noun::	HSd	directional he	:H
Malachi 2:8	309931	לֵּוִ֔י	HNp	proper name	adjective:gentilic:	None	?	:
Malachi 2:12	310008	יַעֲשֶׂ֨נָּה֙	HVqi3ms	verb	verb::	HSn	paragogic nun	p:N
Malachi 3:10	310378	בְּלִי	HTn	negative	noun:potential preposition:	None	?	:
Psalms 19:4	313207	בְּ֝לִ֗י	HTn	negative	noun:potential preposition:	None	?	:
Psalms 50:10	318733	חַיְתֹו	HNcfsc	common	noun::	HSp3ms	pronominal	:W
Psalms 79:2	324272	חַיְתֹו	HNcfsc	common	noun::	HSp3ms	pronominal	:W
Psalms 79:12	324385	שִׁ֭בְעָתַיִם	HNcfda	common	noun:cardinal:	None	?	:
Psalms 90:12	326354	כֵּ֣ן	HTm	demonstrative	adjective::	None	?	:
Psalms 104:11	328329	חַיְתֹ֣ו	HNcfsc	common	noun::	HSp3ms	pronominal	:W
Psalms 104:20	328426	חַיְתֹו	HNcfsc	common	noun::	HSp3ms	pronominal	:W
Psalms 124:4	332953	נַ֝֗חְלָה	HNcmsc	common	noun::	HSh	paragogic he	:H
Job 22:30	341757	אִֽי	HTj	interjection	negative particle::	None	?	:
Proverbs 1:5	346968	חָ֭כָם	HNcmsa	common	adjective::	None	?	:
Proverbs 1:10	347016	חַ֝טָּאִ֗ים	HNcmpa	common	adjective::	None	?	:
Proverbs 3:13	347564	יָפִ֥יק	HNcfsa	common	verb::	None	?	:
Proverbs 3:35	347774	כְסִילִ֗ים	HNcmpa	common	adjective::	None	?	:
Proverbs 11:19	349793	כֵּן	HTm	demonstrative	adjective::	None	?	:
Proverbs 28:2	354600	כֵּ֣ן	HTm	demonstrative	adjective::	None	?	:
Ruth 1:13	356036	לָהֵ֣ן	HC	conjunction	adverb:conjunctive adverb:	None	?	:
Ruth 1:13	356038	עַ֚ד	HD	adverb	preposition::	None	?	:
Ruth 1:13	356042	לָהֵן֙	HC	conjunction	adverb:conjunctive adverb:	None	?	:
Ruth 1:20	356181	מָרָ֔א	HNp	proper name	adjective::	None	?	:
Ruth 2:1	356231	מידע	HVPrmsa	verb	noun::	None	?	:
Ruth 2:7	356376	מְעָֽט	HAamsa	adjective	noun:potential adverb:	None	?	:
Ruth 3:12	356979	כִּ֥י אם	HC	conjunction	conjunction::	HC	conjunction	:
Ruth 3:13	357009	חַי	HNcmsa	common	adjective::	None	?	:
Ruth 4:1	357142	פְּלֹנִ֣י	HPf	indefinite	noun::	None	?	:
Song_of_songs 2:13	357957	לכי	HVqv2fs	verb	preposition::	None	?	p:
Song_of_songs 3:8	358155	אֲחֻ֣זֵי	HVqsmpc	verb	adjective::	None	?	:
Song_of_songs 6:5	358742	הֵ֖ם	HSp3mp	pronominal	personal pronoun::	None	?	:
Song_of_songs 6:11	358841	הֲ	HTd	definite article	interrogative particle:interrogative particle:	None	?	:
Song_of_songs 6:12	358853	עַמִּי	HNcmsc	common	noun::	HSp1cs	pronominal	:J
Ecclesiastes 3:21	360509	מָ֑עְלָה	HR	preposition	noun::	HSd	directional he	:H
Ecclesiastes 8:10	362082	כֵּן	HTm	demonstrative	adjective::	None	?	:
Ecclesiastes 8:12	362111	וּ	HAcbsc	cardinal number	conjunction::	HC	conjunction	:
Ecclesiastes 9:12	362645	כָּהֵ֗ם	HR	preposition	preposition::	HPp3mp	personal	p:
Ecclesiastes 10:16	362940	אִֽי	HTj	interjection	interrogative particle::	None	?	:
Esther 5:13	367881	יְּהוּדִ֔י	HAamsa	adjective	adjective:gentilic:	None	?	:
Esther 9:13	369453	יְּהוּדִים֙	HAampa	adjective	adjective:gentilic:	None	?	:
Daniel 2:2	370568	כַּשְׂדִּ֔ים	HNgmpa	gentilic	proper noun::	None	?	:
Daniel 2:4	370601	כַּשְׂדִּ֛ים	HNgmpa	gentilic	proper noun::	None	?	:
Daniel 2:4	370605	אֲרָמִ֑ית	HNgmsa	gentilic	adjective::	None	?	:
Daniel 2:5	370625	אַזְדָּ֑א	AAafsa	adjective	adverb::	None	?	:
Daniel 2:6	370639	הֵ֨ן	ATm	demonstrative	conjunction::	None	?	:
Daniel 2:6	370653	לָהֵ֕ן	AC	conjunction	adverb:conjunctive adverb:	None	?	:
Daniel 2:7	370659	תִנְיָנ֖וּת	AAobpa	ordinal number	adverb::	None	?	:
Daniel 2:7	370668	פִשְׁרָ֥ה	ANcmsc	common	noun::	ASp3ms	pronominal	:>
Daniel 2:8	370678	דִּ֥י	AC	conjunction	preposition::	None	?	:
Daniel 2:8	370682	כָּ	AC	conjunction	preposition::	None	?	:
Daniel 2:8	370683	ל	AC	conjunction	preposition::	None	?	:
Daniel 2:8	370685	דִּ֣י	AC	conjunction	preposition::	None	?	:
Daniel 2:8	370687	דִּ֥י	AC	conjunction	preposition::	None	?	:
Daniel 2:8	370688	אַזְדָּ֖א	AAafsa	adjective	adverb::	None	?	:
Daniel 2:9	370691	דִּ֣י	ATr	relative	preposition::	None	?	:
Daniel 2:9	370709	דִּ֥י	ATr	relative	preposition::	None	?	:
Daniel 2:9	370712	לָהֵ֗ן	AC	conjunction	adverb:conjunctive adverb:	None	?	:
Daniel 2:9	370718	דִּ֥י	AC	conjunction	preposition::	None	?	:
Daniel 2:10	370728	אִיתַ֤י	ATa	affirmation	noun:copulative noun:	None	?	:
Daniel 2:10	370732	דִּ֚י	ATr	relative	preposition::	None	?	:
Daniel 2:10	370738	כָּ	AC	conjunction	preposition::	None	?	:
Daniel 2:10	370739	ל	AC	conjunction	preposition::	None	?	:
Daniel 2:10	370741	דִּ֚י	AC	conjunction	preposition::	None	?	:
Daniel 2:11	370761	דִֽי	ATr	relative	preposition::	None	?	:
Daniel 2:11	370768	אִיתַ֔י	ATa	affirmation	noun:copulative noun:	None	?	:
Daniel 2:11	370769	דִּ֥י	ATr	relative	preposition::	None	?	:
Daniel 2:11	370775	דִּ֚י	ATr	relative	preposition::	None	?	:
Daniel 2:11	370780	אִיתֹֽוהִי	ATa	affirmation	noun:copulative noun:	ASp3ms	pronominal	p:
Daniel 2:12	370781	כָּ	AC	conjunction	preposition::	None	?	:
Daniel 2:12	370784	דְּנָ֔ה	AC	conjunction	demonstrative pronoun::	None	?	:
Daniel 2:12	370796	חַכִּימֵ֥י	ANcmpc	common	adjective::	None	?	:
Daniel 2:13	370802	חַכִּֽימַיָּ֖א	ANcmpd	common	adjective::	ATd	definite article	:>
Daniel 2:14	370822	דִּ֣י	ATr	relative	preposition::	None	?	:
Daniel 2:14	370824	דִּ֚י	ATr	relative	preposition::	None	?	:
Daniel 2:14	370829	חַכִּימֵ֖י	ANcmpc	common	adjective::	None	?	:
Daniel 2:15	370837	דִֽי	ATr	relative	preposition::	None	?	:
Daniel 2:19	370909	דִֽי	ATr	relative	preposition::	None	?	:
Daniel 2:20	370939	הִֽיא	ATa	affirmation	personal pronoun::	None	?	:
Daniel 2:22	370966	מָ֣ה	APfxbs	indefinite	interrogative pronoun::	None	?	:
Daniel 2:23	370982	וּ	ANcfsd	common	conjunction::	None	?	:
Daniel 2:23	370983	גְבוּרְתָ֖א	ATd	definite article	noun::	ATd	definite article	:>
Daniel 2:24	370999	דְּנָ֗ה	AC	conjunction	demonstrative pronoun::	None	?	:
Daniel 2:26	371066	איתיך	ATa	affirmation	noun:copulative noun:	ASp2ms	pronominal	p:
Daniel 2:26	371072	חֲזֵ֖ית	ATr	relative	verb::	None	?	:
Daniel 2:28	371095	בְּרַ֡ם	AC	conjunction	adverb::	None	?	:
Daniel 2:28	371096	אִיתַ֞י	ATa	affirmation	noun:copulative noun:	None	?	:
Daniel 2:28	371107	מָ֛ה	APfxbs	indefinite	interrogative pronoun::	None	?	:
Daniel 2:28	371120	הֽוּא	HTa	affirmation	personal pronoun::	None	?	:
Daniel 2:29	371127	מָ֛ה	APfxbs	indefinite	interrogative pronoun::	None	?	:
Daniel 2:29	371136	מָה	APfxbs	indefinite	interrogative pronoun::	None	?	:
Daniel 2:30	371145	אִיתַ֥י	ATa	affirmation	noun:copulative noun:	None	?	:
Daniel 2:32	371187	ה֣וּא	APd3ms	demonstrative	personal pronoun::	None	?	:
Daniel 2:35	371257	הִמֹּון֙	ASp3mp	pronominal	personal pronoun::	None	?	:
Daniel 2:38	371321	ה֔וּא	ATa	affirmation	personal pronoun::	None	?	:
Daniel 2:44	371452	אִנּ֗וּן	APdxmp	demonstrative	personal pronoun::	None	?	:
Daniel 2:45	371507	מָ֛ה	APfxbs	indefinite	interrogative pronoun::	None	?	:
Daniel 2:47	371547	ה֣וּא	ATa	affirmation	personal pronoun::	None	?	:
Daniel 3:6	371722	מַן	APf3bs	indefinite	interrogative pronoun::	None	?	:
Daniel 3:6	371723	דִּי	APf3bs	indefinite	preposition::	None	?	:
Daniel 3:7	371739	דְּנָ֡ה	AC	conjunction	demonstrative pronoun::	None	?	:
Daniel 3:8	371774	דְּנָה֙	AC	conjunction	demonstrative pronoun::	None	?	:
Daniel 3:11	371823	מַן	APf3cs	indefinite	interrogative pronoun::	None	?	:
Daniel 3:11	371824	דִּי	APf3cs	indefinite	preposition::	None	?	:
Daniel 3:12	371835	אִיתַ֞י	ATa	affirmation	noun:copulative noun:	None	?	:
Daniel 3:14	371896	צְדָּ֕א	ANcmsa	common	adverb::	None	?	:
Daniel 3:14	371904	אִֽיתֵיכֹון֙	ATa	affirmation	noun:copulative noun:	ASp2mp	pronominal	p:
Daniel 3:15	371916	אִֽיתֵיכֹ֣ון	ATa	affirmation	noun:copulative noun:	ASp2mp	pronominal	p:
Daniel 3:15	371956	ה֣וּא	ATa	affirmation	personal pronoun::	None	?	:
Daniel 3:17	371981	אִיתַ֗י	ATa	affirmation	noun:copulative noun:	None	?	:
Daniel 3:22	372091	דְּנָ֗ה	AC	conjunction	demonstrative pronoun::	None	?	:
Daniel 3:22	372113	דִּ֥י	AT	particle	preposition::	None	?	:
Daniel 3:25	372180	רביעיא	AAomsd	ordinal number	adjective:ordinal:	ATd	definite article	:
Daniel 3:33	372373	מָ֣ה	APfxcs	indefinite	interrogative pronoun::	None	?	:
Daniel 3:33	372378	מָ֣ה	APfxcs	indefinite	interrogative pronoun::	None	?	:
Daniel 4:12	372585	בְּרַ֨ם	AC	conjunction	adverb::	None	?	:
Daniel 4:12	372600	דִּ֣י	AT	particle	preposition::	None	?	:
Daniel 4:14	372649	מַן	APfxcs	indefinite	interrogative pronoun::	None	?	:
Daniel 4:14	372650	דִּ֤י	APfxcs	indefinite	preposition::	None	?	:
Daniel 4:15	372667	פִּשְׁרֵ֣א	ANcmsd	common	noun::	ATd	definite article	p:
Daniel 4:16	372708	פִשְׁרֵא֙	ANcmsd	common	noun::	ATd	definite article	p:
Daniel 4:19	372762	ה֣וּא	APdxms	demonstrative	personal pronoun::	None	?	:
Daniel 4:20	372796	בְּרַ֨ם	AC	conjunction	adverb::	None	?	:
Daniel 4:20	372811	דִּ֣י	AT	particle	preposition::	None	?	:
Daniel 4:21	372840	מַלְכָּֽא	ANcmsc	common	noun::	ASp1cs	pronominal	:>
Daniel 4:22	372862	לָ֣ךְ	AR	preposition	preposition::	ATo	direct object marker	p:
Daniel 4:22	372880	מַן	APrxcs	relative	interrogative pronoun::	None	?	:
Daniel 4:23	372897	דִּ֣י	AAafsa	adjective	preposition::	None	?	:
Daniel 4:24	372902	לָהֵ֣ן	AC	conjunction	adverb:conjunctive adverb:	None	?	:
Daniel 4:26	372935	דִּ֥י	AT	particle	preposition::	None	?	:
Daniel 4:29	373009	מַן	APrxcs	relative	interrogative pronoun::	None	?	:
Daniel 5:2	373192	אֲב֔וּהִי	ANcmsc	common	noun::	ASp3ms	pronominal	p:W
Daniel 5:5	373249	דִּ֣י	AT	particle	preposition::	None	?	:
Daniel 5:5	373259	דִּֽי	AT	particle	preposition::	None	?	:
Daniel 5:5	373262	דִּ֣י	AT	particle	preposition::	None	?	:
Daniel 5:7	373306	דִּ֣י	AT	particle	preposition::	None	?	:
Daniel 5:7	373320	דִֽי	AT	particle	preposition::	None	?	:
Daniel 5:7	373325	תַלְתִּ֥י	AAomsa	ordinal number	noun::	None	?	p:
Daniel 5:8	373341	פשׁרא	ANcmsd	common	noun::	ATd	definite article	p:
Daniel 6:6	373962	עֲלֹ֖והִי	AR	preposition	preposition::	APp3ms	personal	p:
Daniel 6:10	374043	דְּנָ֑ה	AC	conjunction	demonstrative pronoun::	None	?	:
Daniel 6:18	374272	חֲדָ֔ה	ANcfsa	common	noun:cardinal:	None	?	:
Daniel 6:20	374320	הִ֨תְבְּהָלָ֔ה	ANcfsa	common	verb::	None	?	:
Daniel 6:23	374385	הִשְׁתְּכַ֣חַת	ANcfsa	common	verb::	None	?	:
Daniel 6:28	374522	וּ	AR	preposition	conjunction::	None	?	:
Daniel 6:28	374523	בְ	ANcmpd	common	preposition::	None	?	:
Daniel 6:28	374524	אַרְעָ֑א	ATd	definite article	noun::	ATd	definite article	:>
Daniel 7:5	374644	שׁניה	ANcfpd	common	noun::	ATd	definite article	p:
Ezra 2:50	378821	מעינים	HNgmpa	gentilic	proper noun::	None	?	:
Ezra 2:50	378823	נפיסים	HNgmpa	gentilic	proper noun::	None	?	:
Nehemiah 7:52	386854	מְעוּנִ֖ים	HNgmpa	gentilic	proper noun::	None	?	:
Nehemiah 7:52	386856	נפושׁסים	HNgmpa	gentilic	proper noun::	None	?	:
1_Chronicles 4:41	393409	מעינים	HNgmpa	gentilic	proper noun::	None	?	:
1_Chronicles 6:9	394165	תַּ֤חַת	HR	preposition	proper noun::	None	?	:
1_Chronicles 6:22	394298	תַּ֨חַת֙	HR	preposition	proper noun::	None	?	:
1_Chronicles 21:3	401846	כָּהֵם֙	HR	preposition	preposition::	HPp3mp	personal	p:
2_Chronicles 9:11	411307	כָהֵ֛ם	HR	preposition	preposition::	HPp3mp	personal	p:
2_Chronicles 26:7	419723	מְּעוּנִֽים	HNgmpa	gentilic	proper noun::	None	?	:
