299537	וּ	1437410	W	וְ	and	conj	HR	4
212146	וְ	1437410	W	וְ	and	conj	HR	4
298980	וְ	1437410	W	וְ	and	conj	HR	4
299157	וְ	1437410	W	וְ	and	conj	HR	4
362111	וּ	1437410	W	וְ	and	conj	HAcbsc	1
304900	הַ	1437408	H	הַ	the	art	HRd	2
304606	הֶ	1437408	H	הַ	the	art	HR	2
170177	לא	1437430	L	לְ	to	prep	HTn	13
229221	לא	1437430	L	לְ	to	prep	HTn	13
233605	לא	1437430	L	לְ	to	prep	HTn	13
58184	לא	1437430	L	לְ	to	prep	HTn	13
215177	לא	1437430	L	לְ	to	prep	HTn	13
351912	לא	1437430	L	לְ	to	prep	HTn	13
40141	לא	1437430	L	לְ	to	prep	HTn	13
337759	לא	1437430	L	לְ	to	prep	HTn	13
354039	לא	1437430	L	לְ	to	prep	HTn	13
339385	לא	1437430	L	לְ	to	prep	HTn	13
346427	לא	1437430	L	לְ	to	prep	HTn	13
67708	לא	1437430	L	לְ	to	prep	HTn	13
199807	לא	1437430	L	לְ	to	prep	HTn	13
357957	לכי	1437430	L	לְ	to	prep	HVqv2fs	1
303124	אֶת	1437407	>T	אֵת	<object marker>	prep	HR	3
293548	אֶת	1437407	>T	אֵת	<object marker>	prep	HR	3
294741	אֶת	1437407	>T	אֵת	<object marker>	prep	HR	3
139675	אַל	1437445	>L	אֶל	to	prep	HTn	2
260350	אַל	1437445	>L	אֶל	to	prep	HTn	2
356432	אֲשֶׁ֥ר	1437439	>CR	אֲשֶׁר	<relative>	conj	HPr	1
194645	עשׂר	1437438	<FH[	עשׂה	make	verb	HAcmsa	1
243708	הו	1437550	HW>	הוּא	he	prps	HSp3ms	1
356038	עַ֚ד	1437644	<D	עַד	unto	prep	HD	1
298206	שִׁבְתֹּ֑ו	1437701	JCB[	ישׁב	sit	verb	HNcfsc	1
31617	שְׁנֵי֙	1437463	CNH/	שָׁנָה	year	subs	HAcmdc	31
12674	שָׁנָ֛ה	1437463	CNH/	שָׁנָה	year	subs	HAcbsc	31
172806	שְׁנֵ֣י	1437463	CNH/	שָׁנָה	year	subs	HAcmdc	31
294409	שְׁנֵ֖י	1437463	CNH/	שָׁנָה	year	subs	HAcmdc	31
5143	שָׁנָ֔ה	1437463	CNH/	שָׁנָה	year	subs	HAcbsc	31
23325	שְׁנֵ֣י	1437463	CNH/	שָׁנָה	year	subs	HAcmdc	31
344989	שְׁנֵיהֶ֗ם	1437463	CNH/	שָׁנָה	year	subs	HAcmdc	31
23336	שְׁנֵ֤י	1437463	CNH/	שָׁנָה	year	subs	HAcmdc	31
67626	שְׁנֵ֣י	1437463	CNH/	שָׁנָה	year	subs	HAcmdc	31
23220	שְׁנֵ֣י	1437463	CNH/	שָׁנָה	year	subs	HAcmdc	31
266165	שְׁנֵ֣י	1437463	CNH/	שָׁנָה	year	subs	HAcmdc	31
22973	שְׁנֵ֥י	1437463	CNH/	שָׁנָה	year	subs	HAcmdc	31
31551	שְׁנֵי֙	1437463	CNH/	שָׁנָה	year	subs	HAcmdc	31
19527	שָׁנָ֖ה	1437463	CNH/	שָׁנָה	year	subs	HAcbsc	31
22856	שְׁנֵ֥י	1437463	CNH/	שָׁנָה	year	subs	HAcmdc	31
218961	שְׁנֵ֣י	1437463	CNH/	שָׁנָה	year	subs	HAcmdc	31
27219	שְׁנֵ֣י	1437463	CNH/	שָׁנָה	year	subs	HAcmdc	31
9687	שָׁנָ֑ה	1437463	CNH/	שָׁנָה	year	subs	HAcbsc	31
31578	שְׁנֵי֙	1437463	CNH/	שָׁנָה	year	subs	HAcmdc	31
26719	שְׁנֵ֥י	1437463	CNH/	שָׁנָה	year	subs	HAcmdc	31
217696	שְׁנֵ֣י	1437463	CNH/	שָׁנָה	year	subs	HAcmdc	31
23012	שְׁנֵ֣י	1437463	CNH/	שָׁנָה	year	subs	HAcmdc	31
22885	שְׁנֵ֤י	1437463	CNH/	שָׁנָה	year	subs	HAcmdc	31
26727	שְׁנֵ֣י	1437463	CNH/	שָׁנָה	year	subs	HAcmdc	31
67432	שְׁנֵֽי	1437463	CNH/	שָׁנָה	year	subs	HAcmdc	31
12523	שְׁנֵֽי	1437463	CNH/	שָׁנָה	year	subs	HAcmdc	31
12529	שָׁנָ֛ה	1437463	CNH/	שָׁנָה	year	subs	HAcbsc	31
26738	שְׁנֵ֣י	1437463	CNH/	שָׁנָה	year	subs	HAcmdc	31
26745	שְׁנֵי֙	1437463	CNH/	שָׁנָה	year	subs	HAcmdc	31
10747	שְׁנֵ֖י	1437463	CNH/	שָׁנָה	year	subs	HAcmdc	31
12670	שְׁנֵי֙	1437463	CNH/	שָׁנָה	year	subs	HAcmdc	31
102816	אֶת	1437666	>T==	אֵת	together with	prep	HTo	15
306561	אֵ֣ת	1437666	>T==	אֵת	together with	prep	HTo	15
48259	אֶת	1437666	>T==	אֵת	together with	prep	HTo	15
48233	אֶת	1437666	>T==	אֵת	together with	prep	HTo	15
126125	אֵ֨ת	1437666	>T==	אֵת	together with	prep	HTo	15
62287	אֵ֗ת	1437666	>T==	אֵת	together with	prep	HTo	15
277039	אֶת	1437666	>T==	אֵת	together with	prep	HTo	15
357233	אֵת	1437666	>T==	אֵת	together with	prep	HTo	15
110898	אֶת	1437666	>T==	אֵת	together with	prep	HTo	15
89845	אֵ֖ת	1437666	>T==	אֵת	together with	prep	HTo	15
186105	אֶת	1437666	>T==	אֵת	together with	prep	HTo	15
102842	אֶת	1437666	>T==	אֵת	together with	prep	HTo	15
306557	אֵ֥ת	1437666	>T==	אֵת	together with	prep	HTo	15
356796	אֶת	1437666	>T==	אֵת	together with	prep	HTo	15
91997	אֵ֥ת	1437666	>T==	אֵת	together with	prep	HTo	15
246145	גַם	1437605	GM	גַּם	even	advb	HD	79
170498	גַם	1437605	GM	גַּם	even	advb	HD	79
246147	גַם	1437605	GM	גַּם	even	advb	HD	79
362243	גַ֤ם	1437605	GM	גַּם	even	advb	HD	79
298374	גַם	1437605	GM	גַּם	even	advb	HD	79
359559	גַּם	1437605	GM	גַּם	even	advb	HD	79
360840	גַם	1437605	GM	גַּם	even	advb	HD	79
101005	גַ֤ם	1437605	GM	גַּם	even	advb	HD	79
354062	גַם	1437605	GM	גַּם	even	advb	HD	79
9231	גַם	1437605	GM	גַּם	even	advb	HD	79
129167	גַֽם	1437605	GM	גַּם	even	advb	HD	79
17809	גַם	1437605	GM	גַּם	even	advb	HD	79
127506	גַם	1437605	GM	גַּם	even	advb	HD	79
190227	גַם	1437605	GM	גַּם	even	advb	HD	79
309649	גַם	1437605	GM	גַּם	even	advb	HD	79
155157	גַם	1437605	GM	גַּם	even	advb	HD	79
331157	גַם	1437605	GM	גַּם	even	advb	HD	79
351638	גַם	1437605	GM	גַּם	even	advb	HD	79
145433	גַם	1437605	GM	גַּם	even	advb	HD	79
188187	גַם	1437605	GM	גַּם	even	advb	HD	79
237851	גַם	1437605	GM	גַּם	even	advb	HD	79
133917	גַם	1437605	GM	גַּם	even	advb	HD	79
242078	גַם	1437605	GM	גַּם	even	advb	HD	79
208927	גַֽם	1437605	GM	גַּם	even	advb	HD	79
15648	גַם	1437605	GM	גַּם	even	advb	HD	79
14241	גַם	1437605	GM	גַּם	even	advb	HD	79
242080	גַם	1437605	GM	גַּם	even	advb	HD	79
336162	גַֽם	1437605	GM	גַּם	even	advb	HD	79
336540	גַֽם	1437605	GM	גַּם	even	advb	HD	79
344095	גַם	1437605	GM	גַּם	even	advb	HD	79
346403	גַ֖ם	1437605	GM	גַּם	even	advb	HD	79
153383	גַם	1437605	GM	גַּם	even	advb	HD	79
359590	גַם	1437605	GM	גַּם	even	advb	HD	79
368545	גַם	1437605	GM	גַּם	even	advb	HD	79
240938	גַם	1437605	GM	גַּם	even	advb	HD	79
355882	גַם	1437605	GM	גַּם	even	advb	HD	79
359852	גַם	1437605	GM	גַּם	even	advb	HD	79
10669	גַם	1437605	GM	גַּם	even	advb	HD	79
19380	גַם	1437605	GM	גַּם	even	advb	HD	79
132789	גַם	1437605	GM	גַּם	even	advb	HD	79
117814	גַם	1437605	GM	גַּם	even	advb	HD	79
1722	גַם	1437605	GM	גַּם	even	advb	HD	79
159034	גַם	1437605	GM	גַּם	even	advb	HD	79
153404	גַ֥ם	1437605	GM	גַּם	even	advb	HD	79
401467	גַם	1437605	GM	גַּם	even	advb	HD	79
16065	גַם	1437605	GM	גַּם	even	advb	HD	79
26052	גַם	1437605	GM	גַּם	even	advb	HD	79
339269	גַם	1437605	GM	גַּם	even	advb	HD	79
362180	גַּם	1437605	GM	גַּם	even	advb	HD	79
146505	גַ֥ם	1437605	GM	גַּם	even	advb	HD	79
359883	גַּם	1437605	GM	גַּם	even	advb	HD	79
154573	גַם	1437605	GM	גַּם	even	advb	HD	79
179026	גַם	1437605	GM	גַּם	even	advb	HD	79
148820	גַם	1437605	GM	גַּם	even	advb	HD	79
241751	גַם	1437605	GM	גַּם	even	advb	HD	79
362329	גַם	1437605	GM	גַּם	even	advb	HD	79
2650	גַּ֖ם	1437605	GM	גַּם	even	advb	HD	79
94939	גַם	1437605	GM	גַּם	even	advb	HD	79
169434	גַם	1437605	GM	גַּם	even	advb	HD	79
260060	גַם	1437605	GM	גַּם	even	advb	HD	79
81374	גַם	1437605	GM	גַּם	even	advb	HD	79
146526	גַ֥ם	1437605	GM	גַּם	even	advb	HD	79
24289	גַם	1437605	GM	גַּם	even	advb	HD	79
342114	גַם	1437605	GM	גַּם	even	advb	HD	79
323689	גַם	1437605	GM	גַּם	even	advb	HD	79
7275	גַ֥ם	1437605	GM	גַּם	even	advb	HD	79
272875	גַ֤ם	1437605	GM	גַּם	even	advb	HD	79
2029	גַם	1437605	GM	גַּם	even	advb	HD	79
9327	גַם	1437605	GM	גַּם	even	advb	HD	79
31983	גַם	1437605	GM	גַּם	even	advb	HD	79
14321	גַם	1437605	GM	גַּם	even	advb	HD	79
352239	גַם	1437605	GM	גַּם	even	advb	HD	79
292981	גַם	1437605	GM	גַּם	even	advb	HD	79
113270	גַם	1437605	GM	גַּם	even	advb	HD	79
81911	גַם	1437605	GM	גַּם	even	advb	HD	79
171640	גַם	1437605	GM	גַּם	even	advb	HD	79
302714	גַם	1437605	GM	גַּם	even	advb	HD	79
353147	גַם	1437605	GM	גַּם	even	advb	HD	79
403837	גַם	1437605	GM	גַּם	even	advb	HD	79
370982	וּ	1443340	W	וְ	and	conj	ANcfsd	1
374522	וּ	1443340	W	וְ	and	conj	AR	1
161445	אַחֲרֵ֨י	1437743	>XR/	אַחַר	after	subs	HNcmpc	1
12673	מְאַ֥ת	1437742	M>H/	מֵאָה	hundred	subs	HR	13
50947	מְאַת֙	1437742	M>H/	מֵאָה	hundred	subs	HR	13
19526	מְאַ֥ת	1437742	M>H/	מֵאָה	hundred	subs	HR	13
70632	מְאַ֨ת	1437742	M>H/	מֵאָה	hundred	subs	HR	13
70537	מְאַ֨ת	1437742	M>H/	מֵאָה	hundred	subs	HR	13
50893	מְאַ֣ת	1437742	M>H/	מֵאָה	hundred	subs	HR	13
12528	מְאַ֥ת	1437742	M>H/	מֵאָה	hundred	subs	HR	13
70833	מְאַ֣ת	1437742	M>H/	מֵאָה	hundred	subs	HR	13
50962	מְאַ֧ת	1437742	M>H/	מֵאָה	hundred	subs	HR	13
9686	מְאַ֣ת	1437742	M>H/	מֵאָה	hundred	subs	HR	13
5142	מְאַ֣ת	1437742	M>H/	מֵאָה	hundred	subs	HR	13
70743	מְאַ֥ת	1437742	M>H/	מֵאָה	hundred	subs	HR	13
362110	מְאַ֖ת	1437742	M>H/	מֵאָה	hundred	subs	HR	13
156161	כֵ֗ן	1437442	KN	כֵּן	thus	advb	HD	116
198660	כֵ֔ן	1437442	KN	כֵּן	thus	advb	HD	116
162313	כֵ֔ן	1437442	KN	כֵּן	thus	advb	HD	116
173579	כֵ֣ן	1437442	KN	כֵּן	thus	advb	HD	116
174097	כֵֽן	1437442	KN	כֵּן	thus	advb	HD	116
27672	כֵ֣ן	1437442	KN	כֵּן	thus	advb	HD	116
12826	כֵ֞ן	1437442	KN	כֵּן	thus	advb	HD	116
56860	כֵ֖ן	1437442	KN	כֵּן	thus	advb	HD	116
175648	כֵ֖ן	1437442	KN	כֵּן	thus	advb	HD	116
407086	כֵ֗ן	1437442	KN	כֵּן	thus	advb	HD	116
15412	כֵ֖ן	1437442	KN	כֵּן	thus	advb	HD	116
365624	כֵ֣ן	1437442	KN	כֵּן	thus	advb	HD	116
128571	כֵֽן	1437442	KN	כֵּן	thus	advb	HD	116
260163	כֵ֛ן	1437442	KN	כֵּן	thus	advb	HD	116
72774	כֵן֙	1437442	KN	כֵּן	thus	advb	HD	116
215625	כֵ֣ן	1437442	KN	כֵּן	thus	advb	HD	116
368201	כֵן֙	1437442	KN	כֵּן	thus	advb	HD	116
161868	כֵ֖ן	1437442	KN	כֵּן	thus	advb	HD	116
137293	כֵ֔ן	1437442	KN	כֵּן	thus	advb	HD	116
215630	כֵ֣ן	1437442	KN	כֵּן	thus	advb	HD	116
143957	כֵ֑ן	1437442	KN	כֵּן	thus	advb	HD	116
118870	כֵ֔ן	1437442	KN	כֵּן	thus	advb	HD	116
194139	כֵֽן	1437442	KN	כֵּן	thus	advb	HD	116
237661	כֵ֑ן	1437442	KN	כֵּן	thus	advb	HD	116
167523	כֵ֨ן	1437442	KN	כֵּן	thus	advb	HD	116
174182	כֵ֔ן	1437442	KN	כֵּן	thus	advb	HD	116
366699	כֵ֖ן	1437442	KN	כֵּן	thus	advb	HD	116
2674	כֵ֗ן	1437442	KN	כֵּן	thus	advb	HD	116
124	כֵֽן	1437442	KN	כֵּן	thus	advb	HD	116
261244	כֵ֗ן	1437442	KN	כֵּן	thus	advb	HD	116
100991	כֵ֔ן	1437442	KN	כֵּן	thus	advb	HD	116
383103	כֵן֮	1437442	KN	כֵּן	thus	advb	HD	116
187013	כֵ֣ן	1437442	KN	כֵּן	thus	advb	HD	116
25740	כֵ֔ן	1437442	KN	כֵּן	thus	advb	HD	116
653	כֵֽן	1437442	KN	כֵּן	thus	advb	HD	116
159	כֵֽן	1437442	KN	כֵּן	thus	advb	HD	116
34463	כֵ֕ן	1437442	KN	כֵּן	thus	advb	HD	116
141471	כֵן֙	1437442	KN	כֵּן	thus	advb	HD	116
337568	כֶּֽן	1437442	KN	כֵּן	thus	advb	HD	116
415407	כֵֽן	1437442	KN	כֵּן	thus	advb	HD	116
365750	כֵן֙	1437442	KN	כֵּן	thus	advb	HD	116
32439	כֵ֥ן	1437442	KN	כֵּן	thus	advb	HD	116
113851	כֶּן	1437442	KN	כֵּן	thus	advb	HD	116
118971	כֵן֙	1437442	KN	כֵּן	thus	advb	HD	116
160964	כֵ֗ן	1437442	KN	כֵּן	thus	advb	HD	116
203	כֵֽן	1437442	KN	כֵּן	thus	advb	HD	116
204491	כֵֽן	1437442	KN	כֵּן	thus	advb	HD	116
31949	כֵ֔ן	1437442	KN	כֵּן	thus	advb	HD	116
23759	כֵֽן	1437442	KN	כֵּן	thus	advb	HD	116
167122	כֵ֗ן	1437442	KN	כֵּן	thus	advb	HD	116
423648	כֵֽן	1437442	KN	כֵּן	thus	advb	HD	116
75490	כֵן֙	1437442	KN	כֵּן	thus	advb	HD	116
401136	כֵ֔ן	1437442	KN	כֵּן	thus	advb	HD	116
25842	כֵן֙	1437442	KN	כֵּן	thus	advb	HD	116
164594	כֵ֔ן	1437442	KN	כֵּן	thus	advb	HD	116
131316	כֵ֕ן	1437442	KN	כֵּן	thus	advb	HD	116
424182	כֵ֡ן	1437442	KN	כֵּן	thus	advb	HD	116
34040	כֵ֗ן	1437442	KN	כֵּן	thus	advb	HD	116
6912	כֵ֥ן	1437442	KN	כֵּן	thus	advb	HD	116
385793	כֵ֔ן	1437442	KN	כֵּן	thus	advb	HD	116
160004	כֵ֖ן	1437442	KN	כֵּן	thus	advb	HD	116
103698	כֵ֔ן	1437442	KN	כֵּן	thus	advb	HD	116
174868	כֵ֥ן	1437442	KN	כֵּן	thus	advb	HD	116
281	כֵֽן	1437442	KN	כֵּן	thus	advb	HD	116
353062	כֶּ֫ן	1437442	KN	כֵּן	thus	advb	HD	116
48423	כֵ֥ן	1437442	KN	כֵּן	thus	advb	HD	116
184615	כֵ֞ן	1437442	KN	כֵּן	thus	advb	HD	116
177451	כֵן֙	1437442	KN	כֵּן	thus	advb	HD	116
243004	כֵ֗ן	1437442	KN	כֵּן	thus	advb	HD	116
11071	כֵן֩	1437442	KN	כֵּן	thus	advb	HD	116
410944	כֵ֔ן	1437442	KN	כֵּן	thus	advb	HD	116
57668	כֵ֖ן	1437442	KN	כֵּן	thus	advb	HD	116
34630	כֵ֖ן	1437442	KN	כֵּן	thus	advb	HD	116
245071	כֵ֣ן	1437442	KN	כֵּן	thus	advb	HD	116
76115	כֵ֔ן	1437442	KN	כֵּן	thus	advb	HD	116
62804	כֵ֖ן	1437442	KN	כֵּן	thus	advb	HD	116
34147	כֵ֤ן	1437442	KN	כֵּן	thus	advb	HD	116
411491	כֵ֖ן	1437442	KN	כֵּן	thus	advb	HD	116
338281	כֵ֑ן	1437442	KN	כֵּן	thus	advb	HD	116
37740	כֵ֖ן	1437442	KN	כֵּן	thus	advb	HD	116
335730	כֵ֨ן	1437442	KN	כֵּן	thus	advb	HD	116
296315	כֵ֤ן	1437442	KN	כֵּן	thus	advb	HD	116
114558	כֵ֣ן	1437442	KN	כֵּן	thus	advb	HD	116
32642	כֵ֗ן	1437442	KN	כֵּן	thus	advb	HD	116
77698	כֵ֖ן	1437442	KN	כֵּן	thus	advb	HD	116
22918	כֵ֑ן	1437442	KN	כֵּן	thus	advb	HD	116
157063	כֶּן	1437442	KN	כֵּן	thus	advb	HD	116
75658	כֵ֞ן	1437442	KN	כֵּן	thus	advb	HD	116
308220	כֵ֜ן	1437442	KN	כֵּן	thus	advb	HD	116
165262	כֵ֔ן	1437442	KN	כֵּן	thus	advb	HD	116
62863	כֵ֖ן	1437442	KN	כֵּן	thus	advb	HD	116
72079	כֵ֗ן	1437442	KN	כֵּן	thus	advb	HD	116
320920	כֵ֥ן	1437442	KN	כֵּן	thus	advb	HD	116
400794	כֵ֔ן	1437442	KN	כֵּן	thus	advb	HD	116
195490	כֵ֔ן	1437442	KN	כֵּן	thus	advb	HD	116
32679	כֵ֨ן	1437442	KN	כֵּן	thus	advb	HD	116
30120	כֵ֖ן	1437442	KN	כֵּן	thus	advb	HD	116
145832	כֵ֖ן	1437442	KN	כֵּן	thus	advb	HD	116
171432	כֵ֖ן	1437442	KN	כֵּן	thus	advb	HD	116
25009	כֶּן	1437442	KN	כֵּן	thus	advb	HD	116
168881	כֵ֔ן	1437442	KN	כֵּן	thus	advb	HD	116
310707	כֵ֥ן	1437442	KN	כֵּן	thus	advb	HD	116
32180	כֵן֩	1437442	KN	כֵּן	thus	advb	HD	116
333237	כֵ֭ן	1437442	KN	כֵּן	thus	advb	HD	116
156089	כֵ֔ן	1437442	KN	כֵּן	thus	advb	HD	116
117692	כֵ֗ן	1437442	KN	כֵּן	thus	advb	HD	116
336833	כֵ֗ן	1437442	KN	כֵּן	thus	advb	HD	116
17863	כֵן֙	1437442	KN	כֵּן	thus	advb	HD	116
36302	כֵֽן	1437442	KN	כֵּן	thus	advb	HD	116
466	כֵֽן	1437442	KN	כֵּן	thus	advb	HD	116
184797	כֵ֖ן	1437442	KN	כֵּן	thus	advb	HD	116
253411	כֵ֔ן	1437442	KN	כֵּן	thus	advb	HD	116
167401	כֵ֖ן	1437442	KN	כֵּן	thus	advb	HD	116
212461	כֵ֗ן	1437442	KN	כֵּן	thus	advb	HD	116
294901	כֵ֗ן	1437442	KN	כֵּן	thus	advb	HD	116
32252	כֵ֛ן	1437442	KN	כֵּן	thus	advb	HD	116
28096	תָּ֑חַת	1437441	TXT/	תַּחַת	under part	subs	HNcmsa	2
112438	תָּֽחַת	1437441	TXT/	תַּחַת	under part	subs	HNcmsa	2
324385	שִׁ֭בְעָתַיִם	1437698	CB</	שֶׁבַע	seven	subs	HNcfda	3
1915	שִׁבְעָתַ֖יִם	1437698	CB</	שֶׁבַע	seven	subs	HNcfda	3
2068	שִׁבְעָתַ֖יִם	1437698	CB</	שֶׁבַע	seven	subs	HNcfda	3
150632	טֹ֥וב	1437504	VWB/	טֹוב	good	adjv	HVqq3ms	2
150776	טֹ֣וב	1437504	VWB/	טֹוב	good	adjv	HVqp3ms	2
296968	רַבָּ֑ה	1437770	RB/	רַב	much	adjv	HNp	1
374401	לְ	1443336	L	לְ	to	prep	ATo	32
372228	לְ	1443336	L	לְ	to	prep	ATo	32
372105	לְ	1443336	L	לְ	to	prep	ATo	32
370828	לְ	1443336	L	לְ	to	prep	ATo	32
371598	לְ	1443336	L	לְ	to	prep	ATo	32
371878	לְ	1443336	L	לְ	to	prep	ATo	32
372268	לְ	1443336	L	לְ	to	prep	ATo	32
373294	לְ	1443336	L	לְ	to	prep	ATo	32
371633	לַֽ	1443336	L	לְ	to	prep	ATo	32
372286	לְ	1443336	L	לְ	to	prep	ATo	32
373184	לְ	1443336	L	לְ	to	prep	ATo	32
371009	לְ	1443336	L	לְ	to	prep	ATo	32
372290	לֵ	1443336	L	לְ	to	prep	ATo	32
372418	לְ	1443336	L	לְ	to	prep	ATo	32
373059	ל	1443336	L	לְ	to	prep	ATo	32
372038	לְ	1443336	L	לְ	to	prep	ATo	32
373063	לְ	1443336	L	לְ	to	prep	ATo	32
371017	לְ	1443336	L	לְ	to	prep	ATo	32
374351	לֵהּ֙	1443336	L	לְ	to	prep	ATo	32
374099	לְ	1443336	L	לְ	to	prep	ATo	32
372058	לְ	1443336	L	לְ	to	prep	ATo	32
371035	לְ	1443336	L	לְ	to	prep	ATo	32
373856	לַ	1443336	L	לְ	to	prep	ATo	32
370916	לֶ	1443336	L	לְ	to	prep	ATo	32
374246	לְ	1443336	L	לְ	to	prep	ATo	32
370794	לְ	1443336	L	לְ	to	prep	ATo	32
372842	לָ֣ךְ	1443336	L	לְ	to	prep	ATo	32
373235	לֵֽ	1443336	L	לְ	to	prep	ATo	32
372981	לָ֨ךְ	1443336	L	לְ	to	prep	ATo	32
374264	לֵהּ֙	1443336	L	לְ	to	prep	ATo	32
373114	לִ	1443336	L	לְ	to	prep	ATo	32
374527	לְ	1443336	L	לְ	to	prep	ATo	32
371393	ל	1443336	L	לְ	to	prep	AC	18
371737	ל	1443336	L	לְ	to	prep	AC	18
374085	ל	1443336	L	לְ	to	prep	AC	18
374041	ל	1443336	L	לְ	to	prep	AC	18
372089	ל	1443336	L	לְ	to	prep	AC	18
373897	ל	1443336	L	לְ	to	prep	AC	18
374380	ל	1443336	L	לְ	to	prep	AC	18
373935	ל	1443336	L	לְ	to	prep	AC	18
370739	ל	1443336	L	לְ	to	prep	AC	18
372670	ל	1443336	L	לְ	to	prep	AC	18
370997	ל	1443336	L	לְ	to	prep	AC	18
371670	לַ	1443336	L	לְ	to	prep	AC	18
371351	ל	1443336	L	לְ	to	prep	AC	18
371481	ל	1443336	L	לְ	to	prep	AC	18
370683	ל	1443336	L	לְ	to	prep	AC	18
371772	ל	1443336	L	לְ	to	prep	AC	18
370782	ל	1443336	L	לְ	to	prep	AC	18
372319	ל	1443336	L	לְ	to	prep	AC	18
373899	דִּ֣י	1443338	DJ	דִּי	<relative>	prep	AC	39
374287	דִּ֛י	1443338	DJ	דִּי	<relative>	prep	AC	39
374419	דִּ֖י	1443338	DJ	דִּי	<relative>	prep	AC	39
371353	דִּ֤י	1443338	DJ	דִּי	<relative>	prep	AC	39
371483	דִּֽי	1443338	DJ	דִּי	<relative>	prep	AC	39
370718	דִּ֥י	1443338	DJ	דִּי	<relative>	prep	AC	39
374053	דִ֨י	1443338	DJ	דִּי	<relative>	prep	AC	39
372263	דִּֽי	1443338	DJ	דִּי	<relative>	prep	AC	39
374055	דִּֽי	1443338	DJ	דִּי	<relative>	prep	AC	39
374525	דִּ֚י	1443338	DJ	דִּי	<relative>	prep	AC	39
371370	דִֽי	1443338	DJ	דִּי	<relative>	prep	AC	39
370859	דִּ֚י	1443338	DJ	דִּי	<relative>	prep	AC	39
370989	דִּֽי	1443338	DJ	דִּי	<relative>	prep	AC	39
374189	דִ֧י	1443338	DJ	דִּי	<relative>	prep	AC	39
370992	דִּֽי	1443338	DJ	דִּי	<relative>	prep	AC	39
370685	דִּ֣י	1443338	DJ	דִּי	<relative>	prep	AC	39
373937	דִּֽי	1443338	DJ	דִּי	<relative>	prep	AC	39
370741	דִּ֚י	1443338	DJ	דִּי	<relative>	prep	AC	39
372280	דִּ֠י	1443338	DJ	דִּי	<relative>	prep	AC	39
372672	דִּ֣י	1443338	DJ	דִּי	<relative>	prep	AC	39
371395	דִּ֣י	1443338	DJ	דִּי	<relative>	prep	AC	39
374087	דִּֽי	1443338	DJ	דִּי	<relative>	prep	AC	39
372684	דִּ֛י	1443338	DJ	דִּי	<relative>	prep	AC	39
373069	דִּ֤י	1443338	DJ	דִּי	<relative>	prep	AC	39
370894	דִּ֣י	1443338	DJ	דִּי	<relative>	prep	AC	39
374223	דִּֽי	1443338	DJ	דִּי	<relative>	prep	AC	39
374481	דִּ֣י	1443338	DJ	דִּי	<relative>	prep	AC	39
374229	דִּֽי	1443338	DJ	דִּי	<relative>	prep	AC	39
371420	די	1443338	DJ	דִּי	<relative>	prep	AC	39
374495	דִּי	1443338	DJ	דִּי	<relative>	prep	AC	39
372321	דִּ֣י	1443338	DJ	דִּי	<relative>	prep	AC	39
371556	דִּ֣י	1443338	DJ	דִּי	<relative>	prep	AC	39
374120	דִּ֣י	1443338	DJ	דִּי	<relative>	prep	AC	39
374382	דִּ֤י	1443338	DJ	דִּי	<relative>	prep	AC	39
374001	דִּ֣י	1443338	DJ	דִּי	<relative>	prep	AC	39
370933	דִּ֧י	1443338	DJ	דִּי	<relative>	prep	AC	39
370678	דִּ֥י	1443338	DJ	דִּי	<relative>	prep	AC	39
372093	דִּ֞י	1443338	DJ	דִּי	<relative>	prep	AC	39
370687	דִּ֥י	1443338	DJ	דִּי	<relative>	prep	AC	39
372650	דִּ֤י	1443338	DJ	דִּי	<relative>	prep	APfxcs	5
371723	דִּי	1443338	DJ	דִּי	<relative>	prep	APf3bs	5
371824	דִּי	1443338	DJ	דִּי	<relative>	prep	APf3cs	5
372881	דִּ֥י	1443338	DJ	דִּי	<relative>	prep	APrxcs	5
373010	דִּ֥י	1443338	DJ	דִּי	<relative>	prep	APrxcs	5
372897	דִּ֣י	1443338	DJ	דִּי	<relative>	prep	AAafsa	1
107136	סָּבִ֗יב	1438411	SBJB/	סָבִיב	surrounding	subs	HNcbsa	47
126210	סָּבִ֑יב	1438411	SBJB/	סָבִיב	surrounding	subs	HNcbsa	47
402692	סָּבִ֑יב	1438411	SBJB/	סָבִיב	surrounding	subs	HNcbsa	47
179718	סָּבִ֑יב	1438411	SBJB/	סָבִיב	surrounding	subs	HNcbsa	47
125193	סָּבִ֔יב	1438411	SBJB/	סָבִיב	surrounding	subs	HNcbsa	47
147479	סָּבִ֔יב	1438411	SBJB/	סָבִיב	surrounding	subs	HNcbsa	47
364441	סָּבִ֔יב	1438411	SBJB/	סָבִיב	surrounding	subs	HNcbsa	47
269596	סְבִיבֹתָ֥יו	1438411	SBJB/	סָבִיב	surrounding	subs	HNcbpc	47
282525	סָּבִֽיב	1438411	SBJB/	סָבִיב	surrounding	subs	HNcbsa	47
284700	סָּבִ֔יב	1438411	SBJB/	סָבִיב	surrounding	subs	HNcbsa	47
295198	סָּבִ֖יב	1438411	SBJB/	סָבִיב	surrounding	subs	HNcbsa	47
100517	סָּבִ֖יב	1438411	SBJB/	סָבִיב	surrounding	subs	HNcbsa	47
244774	סָּבִיב֒	1438411	SBJB/	סָבִיב	surrounding	subs	HNcbsa	47
261670	סָּבִֽיב	1438411	SBJB/	סָבִיב	surrounding	subs	HNcbsa	47
416677	סָּבִֽיב	1438411	SBJB/	סָבִיב	surrounding	subs	HNcbsa	47
238127	סָּבִֽיב	1438411	SBJB/	סָבִיב	surrounding	subs	HNcbsa	47
414128	סָּבִֽיב	1438411	SBJB/	סָבִיב	surrounding	subs	HNcbsa	47
359345	סְבִיבֹתָ֖יו	1438411	SBJB/	סָבִיב	surrounding	subs	HNcbpc	47
80563	סָּבִ֑יב	1438411	SBJB/	סָבִיב	surrounding	subs	HNcbsa	47
413621	סָּבִ֑יב	1438411	SBJB/	סָבִיב	surrounding	subs	HNcbsa	47
295223	סָּבִֽיב	1438411	SBJB/	סָבִיב	surrounding	subs	HNcbsa	47
236864	סָּבִ֑יב	1438411	SBJB/	סָבִיב	surrounding	subs	HNcbsa	47
271681	סָּבִ֗יב	1438411	SBJB/	סָבִיב	surrounding	subs	HNcbsa	47
262469	סְבִיבֹתָֽיו	1438411	SBJB/	סָבִיב	surrounding	subs	HNcbpc	47
259782	סָּבִ֖יב	1438411	SBJB/	סָבִיב	surrounding	subs	HNcbsa	47
296134	סְבִ֣יב	1438411	SBJB/	סָבִיב	surrounding	subs	HNcbsc	47
423624	סָּבִֽיב	1438411	SBJB/	סָבִיב	surrounding	subs	HNcbsa	47
272073	סָּבִֽיב	1438411	SBJB/	סָבִיב	surrounding	subs	HNcbsa	47
128459	סְבִיבֹ֣ותֵיהֶ֔ם	1438411	SBJB/	סָבִיב	surrounding	subs	HNcbpc	47
402893	סָּבִ֑יב	1438411	SBJB/	סָבִיב	surrounding	subs	HNcbsa	47
278739	סָּבִ֑יב	1438411	SBJB/	סָבִיב	surrounding	subs	HNcbsa	47
276052	סָּבִֽיב	1438411	SBJB/	סָבִיב	surrounding	subs	HNcbsa	47
282615	סָּבִ֔יב	1438411	SBJB/	סָבִיב	surrounding	subs	HNcbsa	47
315096	סָּ֫בִ֥יב	1438411	SBJB/	סָבִיב	surrounding	subs	HNcbsa	47
282459	סָּבִ֗יב	1438411	SBJB/	סָבִיב	surrounding	subs	HNcbsa	47
174428	סְבִיבֹתָ֖יו	1438411	SBJB/	סָבִיב	surrounding	subs	HNcbpc	47
397155	סָּבִ֔יב	1438411	SBJB/	סָבִיב	surrounding	subs	HNcbsa	47
179432	סָּבִֽיב	1438411	SBJB/	סָבִיב	surrounding	subs	HNcbsa	47
226924	סָּבִיב֙	1438411	SBJB/	סָבִיב	surrounding	subs	HNcbsa	47
271598	סָּבִ֖יב	1438411	SBJB/	סָבִיב	surrounding	subs	HNcbsa	47
283639	סָּבִ֔יב	1438411	SBJB/	סָבִיב	surrounding	subs	HNcbsa	47
128500	סָּבִ֔יב	1438411	SBJB/	סָבִיב	surrounding	subs	HNcbsa	47
132853	סָּבִֽיב	1438411	SBJB/	סָבִיב	surrounding	subs	HNcbsa	47
80502	סָּבִ֔יב	1438411	SBJB/	סָבִיב	surrounding	subs	HNcbsa	47
262775	סָּבִ֖יב	1438411	SBJB/	סָבִיב	surrounding	subs	HNcbsa	47
336248	סָּבִ֑יב	1438411	SBJB/	סָבִיב	surrounding	subs	HNcbsa	47
163966	סָּבִ֖יב	1438411	SBJB/	סָבִיב	surrounding	subs	HNcbsa	47
74240	מְלֵאָ֥ה	1437486	ML>[	מלא	be full	verb	HAafsa	32
97154	מְלֵאִ֣ים	1437486	ML>[	מלא	be full	verb	HAampa	32
75143	מְלֵאֹ֣ת	1437486	ML>[	מלא	be full	verb	HAafpa	32
74888	מְלֵאָ֥ה	1437486	ML>[	מלא	be full	verb	HAafsa	32
74633	מְלֵאִ֗ים	1437486	ML>[	מלא	be full	verb	HAampa	32
74645	מְלֵאָ֥ה	1437486	ML>[	מלא	be full	verb	HAafsa	32
74390	מְלֵאִ֗ים	1437486	ML>[	מלא	be full	verb	HAampa	32
75038	מְלֵאִ֗ים	1437486	ML>[	מלא	be full	verb	HAampa	32
74146	מְלֵאִ֗ים	1437486	ML>[	מלא	be full	verb	HAampa	32
74402	מְלֵאָ֥ה	1437486	ML>[	מלא	be full	verb	HAafsa	32
75050	מְלֵאָ֥ה	1437486	ML>[	מלא	be full	verb	HAafsa	32
74795	מְלֵאִ֗ים	1437486	ML>[	מלא	be full	verb	HAampa	32
74158	מְלֵאָ֥ה	1437486	ML>[	מלא	be full	verb	HAafsa	32
74807	מְלֵאָ֥ה	1437486	ML>[	מלא	be full	verb	HAafsa	32
74552	מְלֵאִ֗ים	1437486	ML>[	מלא	be full	verb	HAampa	32
301880	מְלֵאָ֔ה	1437486	ML>[	מלא	be full	verb	HAafsa	32
74564	מְלֵאָ֥ה	1437486	ML>[	מלא	be full	verb	HAafsa	32
74309	מְלֵאִ֗ים	1437486	ML>[	מלא	be full	verb	HAampa	32
112581	מָלֵ֖א	1437486	ML>[	מלא	be full	verb	HAamsa	32
112843	מָלֵא֙	1437486	ML>[	מלא	be full	verb	HAamsa	32
397260	מְלֵאָ֣ה	1437486	ML>[	מלא	be full	verb	HAafsa	32
74957	מְלֵאִ֗ים	1437486	ML>[	מלא	be full	verb	HAampa	32
74321	מְלֵאָ֥ה	1437486	ML>[	מלא	be full	verb	HAafsa	32
283222	מְלֵאָ֥ה	1437486	ML>[	מלא	be full	verb	HAafsa	32
74969	מְלֵאָ֥ה	1437486	ML>[	מלא	be full	verb	HAafsa	32
74714	מְלֵאִ֗ים	1437486	ML>[	מלא	be full	verb	HAampa	32
74726	מְלֵאָ֥ה	1437486	ML>[	מלא	be full	verb	HAafsa	32
74471	מְלֵאִ֗ים	1437486	ML>[	מלא	be full	verb	HAampa	32
268650	מְלֵאִ֤ים	1437486	ML>[	מלא	be full	verb	HAampa	32
74483	מְלֵאָ֥ה	1437486	ML>[	מלא	be full	verb	HAafsa	32
74228	מְלֵאִ֗ים	1437486	ML>[	מלא	be full	verb	HAampa	32
74876	מְלֵאִ֗ים	1437486	ML>[	מלא	be full	verb	HAampa	32
303365	קָרֹ֖וב	1438032	QRB[	קרב	approach	verb	HAamsa	1
303489	אַף	1437530	>P/	אַף	nose	subs	HTa	61
250627	אַף	1437530	>P/	אַף	nose	subs	HTa	61
15620	אַ֥ף	1437530	>P/	אַף	nose	subs	HTa	61
116102	אַ֥ף	1437530	>P/	אַף	nose	subs	HTa	61
303497	אַף	1437530	>P/	אַף	nose	subs	HTa	61
263947	אַ֣ף	1437530	>P/	אַף	nose	subs	HTa	61
46988	אַ֖ף	1437530	>P/	אַף	nose	subs	HTa	61
329356	אַ֣ף	1437530	>P/	אַף	nose	subs	HTa	61
90126	אַ֤ף	1437530	>P/	אַף	nose	subs	HTa	61
343821	אַ֨ף	1437530	>P/	אַף	nose	subs	HTa	61
84242	אַ֣ף	1437530	>P/	אַף	nose	subs	HTa	61
247827	אַף	1437530	>P/	אַף	nose	subs	HTa	61
330770	אַ֥ף	1437530	>P/	אַף	nose	subs	HTa	61
84374	אַ֣ף	1437530	>P/	אַף	nose	subs	HTa	61
110106	אַ֥ף	1437530	>P/	אַף	nose	subs	HTa	61
85658	אַ֥ף	1437530	>P/	אַף	nose	subs	HTa	61
126618	אַף	1437530	>P/	אַף	nose	subs	HTa	61
236699	אַף	1437530	>P/	אַף	nose	subs	HTa	61
303517	אַף	1437530	>P/	אַף	nose	subs	HTa	61
364447	אַף	1437530	>P/	אַף	nose	subs	HTa	61
355488	אַ֭ף	1437530	>P/	אַף	nose	subs	HTa	61
77733	אַ֧ף	1437530	>P/	אַף	nose	subs	HTa	61
419245	אַ֥ף	1437530	>P/	אַף	nose	subs	HTa	61
90162	אַף	1437530	>P/	אַף	nose	subs	HTa	61
241075	אַף	1437530	>P/	אַף	nose	subs	HTa	61
85684	אַף	1437530	>P/	אַף	nose	subs	HTa	61
76982	אַ֤ף	1437530	>P/	אַף	nose	subs	HTa	61
222391	אַ֔ף	1437530	>P/	אַף	nose	subs	HTa	61
246326	אַף	1437530	>P/	אַף	nose	subs	HTa	61
412859	אַף	1437530	>P/	אַף	nose	subs	HTa	61
175422	אַף	1437530	>P/	אַף	nose	subs	HTa	61
97221	אַף	1437530	>P/	אַף	nose	subs	HTa	61
166470	אַ֥ף	1437530	>P/	אַף	nose	subs	HTa	61
398662	אַ֤ף	1437530	>P/	אַף	nose	subs	HTa	61
214346	אַ֛ף	1437530	>P/	אַף	nose	subs	HTa	61
46923	אַ֣ף	1437530	>P/	אַף	nose	subs	HTa	61
154059	אַ֤ף	1437530	>P/	אַף	nose	subs	HTa	61
213837	אַף	1437530	>P/	אַף	nose	subs	HTa	61
90069	אַ֥ף	1437530	>P/	אַף	nose	subs	HTa	61
134232	אַ֥ף	1437530	>P/	אַף	nose	subs	HTa	61
263515	אַף	1437530	>P/	אַף	nose	subs	HTa	61
128861	אַ֤ף	1437530	>P/	אַף	nose	subs	HTa	61
99937	אַף	1437530	>P/	אַף	nose	subs	HTa	61
128482	אַ֤ף	1437530	>P/	אַף	nose	subs	HTa	61
211299	אַ֣ף	1437530	>P/	אַף	nose	subs	HTa	61
97508	אַף	1437530	>P/	אַף	nose	subs	HTa	61
109925	אַף	1437530	>P/	אַף	nose	subs	HTa	61
151398	אַף֩	1437530	>P/	אַף	nose	subs	HTa	61
383074	אַף	1437530	>P/	אַף	nose	subs	HTa	61
85352	אַ֤ף	1437530	>P/	אַף	nose	subs	HTa	61
30441	אַ֨ף	1437530	>P/	אַף	nose	subs	HTa	61
163560	אַ֤ף	1437530	>P/	אַף	nose	subs	HTa	61
345192	אַ֣ף	1437530	>P/	אַף	nose	subs	HTa	61
364012	אַ֗ף	1437530	>P/	אַף	nose	subs	HTa	61
420585	אַף	1437530	>P/	אַף	nose	subs	HTa	61
14450	אַף	1437530	>P/	אַף	nose	subs	HTa	61
355061	אַ֭ף	1437530	>P/	אַף	nose	subs	HTa	61
203126	אַ֥ף	1437530	>P/	אַף	nose	subs	HTa	61
334328	אַ֣ף	1437530	>P/	אַף	nose	subs	HTa	61
128636	אַ֥ף	1437530	>P/	אַף	nose	subs	HTa	61
323710	אַ֝֗ף	1437530	>P/	אַף	nose	subs	HTa	61
358742	הֵ֖ם	1437608	HM	הֵם	they	prps	HSp3mp	1
357009	חַי	1437476	XJ/	חַי	alive	adjv	HNcmsa	1
374523	בְ	1445095	B	בְּ	in	prep	ANcmpd	1
141686	לָ֣מֶה	1437678	LMH	לָמָה	why	inrg	HTi	1
84216	אַ֗ךְ	1437822	>K	אַךְ	only	advb	HD	3
125721	אַ֨ךְ	1437822	>K	אַךְ	only	advb	HD	3
4110	אַ֨ךְ	1437822	>K	אַךְ	only	advb	HD	3
69891	מַ֔עְלָה	1437796	M<L/	מַעַל	top	subs	HD	63
70021	מַ֔עְלָה	1437796	M<L/	מַעַל	top	subs	HD	63
70149	מַ֔עְלָה	1437796	M<L/	מַעַל	top	subs	HD	63
42254	מַ֗עְלָה	1437796	M<L/	מַעַל	top	subs	HD	63
114319	מַ֜עְלָה	1437796	M<L/	מַעַל	top	subs	HD	63
422933	מַ֔עְלָה	1437796	M<L/	מַעַל	top	subs	HD	63
145527	מַ֔עְלָה	1437796	M<L/	מַעַל	top	subs	HD	63
50072	מַ֗עְלָה	1437796	M<L/	מַעַל	top	subs	HD	63
267672	מַ֔עְלָה	1437796	M<L/	מַעַל	top	subs	HD	63
295836	מַּ֔עַל	1437796	M<L/	מַעַל	top	subs	HD	63
72221	מַ֗עְלָה	1437796	M<L/	מַעַל	top	subs	HD	63
72477	מַ֔עְלָה	1437796	M<L/	מַעַל	top	subs	HD	63
72606	מַ֔עְלָה	1437796	M<L/	מַעַל	top	subs	HD	63
304800	מָ֑עְלָה	1437796	M<L/	מַעַל	top	subs	HD	63
69665	מַ֔עְלָה	1437796	M<L/	מַעַל	top	subs	HD	63
286241	מַ֨עְלָה	1437796	M<L/	מַעַל	top	subs	HD	63
69923	מַ֔עְלָה	1437796	M<L/	מַעַל	top	subs	HD	63
286243	מַ֜עְלָה	1437796	M<L/	מַעַל	top	subs	HD	63
70181	מַ֔עְלָה	1437796	M<L/	מַעַל	top	subs	HD	63
402598	מַ֜עְלָה	1437796	M<L/	מַעַל	top	subs	HD	63
406181	מַ֔עְלָה	1437796	M<L/	מַעַל	top	subs	HD	63
70056	מַ֔עְלָה	1437796	M<L/	מַעַל	top	subs	HD	63
414506	מַ֖עְלָה	1437796	M<L/	מַעַל	top	subs	HD	63
286252	מַ֨עְלָה	1437796	M<L/	מַעַל	top	subs	HD	63
286254	מַ֜עְלָה	1437796	M<L/	מַעַל	top	subs	HD	63
181554	מַ֨עְלָה֙	1437796	M<L/	מַעַל	top	subs	HD	63
72371	מַ֗עְלָה	1437796	M<L/	מַעַל	top	subs	HD	63
108339	מַ֔עְלָה	1437796	M<L/	מַעַל	top	subs	HD	63
406708	מַ֔עְלָה	1437796	M<L/	מַעַל	top	subs	HD	63
69816	מַ֖עְלָה	1437796	M<L/	מַעַל	top	subs	HD	63
75707	מַ֔עְלָה	1437796	M<L/	מַעַל	top	subs	HD	63
419008	מַ֔עְלָה	1437796	M<L/	מַעַל	top	subs	HD	63
181057	מַ֗עְלָה	1437796	M<L/	מַעַל	top	subs	HD	63
70212	מַ֔עְלָה	1437796	M<L/	מַעַל	top	subs	HD	63
69957	מַ֔עְלָה	1437796	M<L/	מַעַל	top	subs	HD	63
70086	מַ֔עְלָה	1437796	M<L/	מַעַל	top	subs	HD	63
71622	מַ֖עְלָה	1437796	M<L/	מַעַל	top	subs	HD	63
131782	מַ֖עְלָה	1437796	M<L/	מַעַל	top	subs	HD	63
196295	מַ֔עְלָה	1437796	M<L/	מַעַל	top	subs	HD	63
379338	מַ֔עְלָה	1437796	M<L/	מַעַל	top	subs	HD	63
128205	מָֽעְלָה	1437796	M<L/	מַעַל	top	subs	HD	63
85966	מַ֖עְלָה	1437796	M<L/	מַעַל	top	subs	HD	63
398799	מַ֨עְלָה֙	1437796	M<L/	מַעַל	top	subs	HD	63
350930	מַ֣עְלָה	1437796	M<L/	מַעַל	top	subs	HD	63
424530	מַ֥עְלָה	1437796	M<L/	מַעַל	top	subs	HD	63
2900	מַ֔עְלָה	1437796	M<L/	מַעַל	top	subs	HD	63
69079	מַ֨עְלָה֙	1437796	M<L/	מַעַל	top	subs	HD	63
382423	מַ֣עְלָה	1437796	M<L/	מַעַל	top	subs	HD	63
72541	מַ֔עְלָה	1437796	M<L/	מַעַל	top	subs	HD	63
69854	מַ֔עְלָה	1437796	M<L/	מַעַל	top	subs	HD	63
108895	מַ֣עְלָה	1437796	M<L/	מַעַל	top	subs	HD	63
72673	מַ֔עְלָה	1437796	M<L/	מַעַל	top	subs	HD	63
69989	מַ֔עְלָה	1437796	M<L/	מַעַל	top	subs	HD	63
70117	מַ֔עְלָה	1437796	M<L/	מַעַל	top	subs	HD	63
90093	מַ֔עְלָה	1437796	M<L/	מַעַל	top	subs	HD	63
3440	מַ֔עְלָה	1437796	M<L/	מַעַל	top	subs	HD	63
251377	מַ֔עְלָה	1437796	M<L/	מַעַל	top	subs	HD	63
50932	מַ֔עְלָה	1437796	M<L/	מַעַל	top	subs	HD	63
70261	מַ֔עְלָה	1437796	M<L/	מַעַל	top	subs	HD	63
287477	מַ֔עְלָה	1437796	M<L/	מַעַל	top	subs	HD	63
71543	מַ֔עְלָה	1437796	M<L/	מַעַל	top	subs	HD	63
71801	מַ֔עְלָה	1437796	M<L/	מַעַל	top	subs	HD	63
71162	מַ֖עְלָה	1437796	M<L/	מַעַל	top	subs	HD	63
360509	מָ֑עְלָה	1437796	M<L/	מַעַל	top	subs	HR	2
304862	מָ֑עְלָה	1437796	M<L/	מַעַל	top	subs	HR	2
346968	חָ֭כָם	1438973	XKM/	חָכָם	wise	adjv	HNcmsa	1
197778	אַ֛ף	1437597	>P	אַף	even	advb	HD	23
276377	אַ֗ף	1437597	>P	אַף	even	advb	HD	23
321437	אַ֥ף	1437597	>P	אַף	even	advb	HD	23
68898	אַף	1437597	>P	אַף	even	advb	HD	23
412718	אַף	1437597	>P	אַף	even	advb	HD	23
170032	אַ֨ף	1437597	>P	אַף	even	advb	HD	23
340657	אַף	1437597	>P	אַף	even	advb	HD	23
384178	אַף	1437597	>P	אַף	even	advb	HD	23
396602	אַף	1437597	>P	אַף	even	advb	HD	23
302524	אַף֙	1437597	>P	אַף	even	advb	HD	23
68799	אַ֛ף	1437597	>P	אַף	even	advb	HD	23
345035	אַ֤ף	1437597	>P	אַף	even	advb	HD	23
390859	אַף	1437597	>P	אַף	even	advb	HD	23
102349	אַ֥ף	1437597	>P	אַף	even	advb	HD	23
68819	אַ֕ף	1437597	>P	אַף	even	advb	HD	23
395860	אַף	1437597	>P	אַף	even	advb	HD	23
154495	אַ֕ף	1437597	>P	אַף	even	advb	HD	23
302703	אַ֣ף	1437597	>P	אַף	even	advb	HD	23
68854	אַף֩	1437597	>P	אַף	even	advb	HD	23
227702	אַף	1437597	>P	אַף	even	advb	HD	23
155384	אַף֙	1437597	>P	אַף	even	advb	HD	23
68859	אַ֨ף	1437597	>P	אַף	even	advb	HD	23
111359	אַ֖ף	1437597	>P	אַף	even	advb	HD	23
372092	מִן	1443345	MN	מִן	from	prep	AC	1
293772	בִּלְתִּֽי	1437623	BLT/	בֵּלֶת	failure	subs	HR	1
77610	רַ֤ק	1437775	RQ	רַק	only	advb	HD	1
180576	כְּנָפָֽיו	1437482	KNP/	כָּנָף	wing	subs	HD	8
111587	כְּנָפָיו֙	1437482	KNP/	כָּנָף	wing	subs	HD	8
261544	כְּנָפָ֖יו	1437482	KNP/	כָּנָף	wing	subs	HD	8
326442	כְּנָפָ֣יו	1437482	KNP/	כָּנָף	wing	subs	HD	8
356507	כְּנָפָֽיו	1437482	KNP/	כָּנָף	wing	subs	HD	8
180572	כְּנָפָ֖יו	1437482	KNP/	כָּנָף	wing	subs	HD	8
214878	כְּנָפָ֔יו	1437482	KNP/	כָּנָף	wing	subs	HD	8
260991	כְּנָפָ֖יו	1437482	KNP/	כָּנָף	wing	subs	HD	8
290992	מְעַ֗ט	1438229	M<V/	מְעַט	little	subs	HAamsa	5
304272	מְעָ֔ט	1438229	M<V/	מְעַט	little	subs	HAamsa	5
292726	מְּעָ֔ט	1438229	M<V/	מְעַט	little	subs	HAamsa	5
356376	מְעָֽט	1438229	M<V/	מְעַט	little	subs	HAamsa	5
304217	מְעָ֗ט	1438229	M<V/	מְעַט	little	subs	HAamsa	5
292616	יַ֚עַן	1438380	J<N/	יַעַן	motive	subs	HC	4
296673	יַ֣עַן	1438380	J<N/	יַעַן	motive	subs	HC	4
304280	יַ֣עַן	1438380	J<N/	יַעַן	motive	subs	HC	4
304285	יַ֗עַן	1438380	J<N/	יַעַן	motive	subs	HC	4
295061	זֹּונָ֔ה	1438786	ZNH[	זנה	fornicate	verb	HNcfsa	1
367881	יְּהוּדִ֔י	1442390	JHWDJ/	יְהוּדִי	Jewish	adjv	HAamsa	2
369453	יְּהוּדִים֙	1442390	JHWDJ/	יְהוּדִי	Jewish	adjv	HAampa	2
303367	מַהֵ֣ר	1438234	MHR[	מהר	hasten	verb	HAamsa	1
347774	כְסִילִ֗ים	1444229	KSJL/	כְּסִיל	insolent	adjv	HNcmpa	1
50948	כִּכַּ֣ר	1438062	KKR/	כִּכָּר	disk	subs	HAcbsc	2
50894	כִּכָּ֑ר	1438062	KKR/	כִּכָּר	disk	subs	HAcbsc	2
374146	כְּ	1443333	K	כְּ	like	prep	AR	30
374660	כִּ	1443333	K	כְּ	like	prep	AR	30
374032	כְּ	1443333	K	כְּ	like	prep	AR	30
371348	כְּ	1443333	K	כְּ	like	prep	AR	30
372372	כְּ	1443333	K	כְּ	like	prep	AR	30
372377	כְּ	1443333	K	כְּ	like	prep	AR	30
373402	כְּ	1443333	K	כְּ	like	prep	AR	30
371360	כְ	1443333	K	כְּ	like	prep	AR	30
373025	כְ	1443333	K	כְּ	like	prep	AR	30
373664	כְ	1443333	K	כְּ	like	prep	AR	30
371240	כַ	1443333	K	כְּ	like	prep	AR	30
373037	כְּ	1443333	K	כְּ	like	prep	AR	30
371250	כְּ	1443333	K	כְּ	like	prep	AR	30
373042	כְ	1443333	K	כְּ	like	prep	AR	30
374327	כְ	1443333	K	כְּ	like	prep	AR	30
370748	כִ	1443333	K	כְּ	like	prep	AR	30
374852	כְּ	1443333	K	כְּ	like	prep	AR	30
374597	כְ	1443333	K	כְּ	like	prep	AR	30
373843	כְּ	1443333	K	כְּ	like	prep	AR	30
372695	כְּ	1443333	K	כְּ	like	prep	AR	30
374744	כְּ	1443333	K	כְּ	like	prep	AR	30
374617	כֶּ	1443333	K	כְּ	like	prep	AR	30
373083	כְּ	1443333	K	כְּ	like	prep	AR	30
373087	כְ	1443333	K	כְּ	like	prep	AR	30
372453	כְּ	1443333	K	כְּ	like	prep	AR	30
372330	כִּ	1443333	K	כְּ	like	prep	AR	30
374765	כִּ	1443333	K	כְּ	like	prep	AR	30
374771	כַּ	1443333	K	כְּ	like	prep	AR	30
372854	כְ	1443333	K	כְּ	like	prep	AR	30
372989	כְ	1443333	K	כְּ	like	prep	AR	30
371392	כָּ	1443333	K	כְּ	like	prep	AC	19
374040	כָּ	1443333	K	כְּ	like	prep	AC	19
372088	כָּ	1443333	K	כְּ	like	prep	AC	19
374052	כְּ	1443333	K	כְּ	like	prep	AC	19
374084	כָּ	1443333	K	כְּ	like	prep	AC	19
373896	כָּ	1443333	K	כְּ	like	prep	AC	19
374379	כָּ	1443333	K	כְּ	like	prep	AC	19
374188	כְּ	1443333	K	כְּ	like	prep	AC	19
373934	כָּ	1443333	K	כְּ	like	prep	AC	19
372669	כָּ	1443333	K	כְּ	like	prep	AC	19
370738	כָּ	1443333	K	כְּ	like	prep	AC	19
370996	כָּ	1443333	K	כְּ	like	prep	AC	19
371350	כָּ	1443333	K	כְּ	like	prep	AC	19
371480	כָּ	1443333	K	כְּ	like	prep	AC	19
371736	כָּ	1443333	K	כְּ	like	prep	AC	19
370682	כָּ	1443333	K	כְּ	like	prep	AC	19
371771	כָּ	1443333	K	כְּ	like	prep	AC	19
370781	כָּ	1443333	K	כְּ	like	prep	AC	19
372318	כָּ	1443333	K	כְּ	like	prep	AC	19
373889	דְּנָ֔ה	1443334	DNH	דְּנָה	this	prde	APdxms	27
374914	דְּנָ֑ה	1443334	DNH	דְּנָה	this	prde	APdxms	27
374534	דְּנָ֔ה	1443334	DNH	דְּנָה	this	prde	APdxms	27
371976	דְּנָ֛ה	1443334	DNH	דְּנָה	this	prde	APdxms	27
373770	דְנָ֖ה	1443334	DNH	דְּנָה	this	prde	APdxms	27
373773	דְנָ֥ה	1443334	DNH	דְּנָה	this	prde	APdxms	27
373782	דְּנָ֖ה	1443334	DNH	דְּנָה	this	prde	APdxms	27
374680	דְּנָה֩	1443334	DNH	דְּנָה	this	prde	APdxms	27
371119	דְּנָ֥ה	1443334	DNH	דְּנָה	this	prde	APdxms	27
372658	דְּנָה֙	1443334	DNH	דְּנָה	this	prde	APdxms	27
371511	דְנָ֑ה	1443334	DNH	דְּנָה	this	prde	APdxms	27
371131	דְנָ֑ה	1443334	DNH	דְּנָה	this	prde	APdxms	27
370749	דְנָה֙	1443334	DNH	דְּנָה	this	prde	APdxms	27
373312	דְנָ֗ה	1443334	DNH	דְּנָה	this	prde	APdxms	27
373957	דְּנָ֖ה	1443334	DNH	דְּנָה	this	prde	APdxms	27
373702	דְּנָ֖ה	1443334	DNH	דְּנָה	this	prde	APdxms	27
374092	דְּנָֽה	1443334	DNH	דְּנָה	this	prde	APdxms	27
370893	דְּנָ֑ה	1443334	DNH	דְּנָה	this	prde	APdxms	27
371151	דְנָ֖ה	1443334	DNH	דְּנָה	this	prde	APdxms	27
371279	דְּנָ֣ה	1443334	DNH	דְּנָה	this	prde	APdxms	27
372829	דְּנָ֥ה	1443334	DNH	דְּנָה	this	prde	APdxms	27
371561	דְנָֽה	1443334	DNH	דְּנָה	this	prde	APdxms	27
372331	דְנָֽה	1443334	DNH	דְּנָה	this	prde	APdxms	27
371436	דְּנָ֣ה	1443334	DNH	דְּנָה	this	prde	APdxms	27
371438	דְּנָ֑ה	1443334	DNH	דְּנָה	this	prde	APdxms	27
374654	דְּנָ֜ה	1443334	DNH	דְּנָה	this	prde	APdxms	27
373503	דְנָה֙	1443334	DNH	דְּנָה	this	prde	APdxms	27
370784	דְּנָ֔ה	1443334	DNH	דְּנָה	this	prde	AC	6
371739	דְּנָ֡ה	1443334	DNH	דְּנָה	this	prde	AC	6
374043	דְּנָ֑ה	1443334	DNH	דְּנָה	this	prde	AC	6
370999	דְּנָ֗ה	1443334	DNH	דְּנָה	this	prde	AC	6
372091	דְּנָ֗ה	1443334	DNH	דְּנָה	this	prde	AC	6
371774	דְּנָה֙	1443334	DNH	דְּנָה	this	prde	AC	6
292480	בְּלִ֥י	1438691	BLJ/	בְּלִי	destruction	subs	HTn	20
16737	בְּלִי֙	1438691	BLJ/	בְּלִי	destruction	subs	HTn	20
342304	בְּלִי	1438691	BLJ/	בְּלִי	destruction	subs	HTn	20
322373	בְּלִ֥י	1438691	BLJ/	בְּלִי	destruction	subs	HTn	20
216934	בְּלִ֥י	1438691	BLJ/	בְּלִי	destruction	subs	HTn	20
160870	בְּלִ֖י	1438691	BLJ/	בְּלִי	destruction	subs	HTn	20
320072	בְּֽלִי	1438691	BLJ/	בְּלִי	destruction	subs	HTn	20
310378	בְּלִי	1438691	BLJ/	בְּלִי	destruction	subs	HTn	20
345453	בְּֽלִי	1438691	BLJ/	בְּלִי	destruction	subs	HTn	20
346541	בְּלִ֣י	1438691	BLJ/	בְּלִי	destruction	subs	HTn	20
292687	בְּלִ֣י	1438691	BLJ/	בְּלִי	destruction	subs	HTn	20
222800	בְּלִ֥י	1438691	BLJ/	בְּלִי	destruction	subs	HTn	20
320624	בְּלִי	1438691	BLJ/	בְּלִי	destruction	subs	HTn	20
345975	בְּלִי	1438691	BLJ/	בְּלִי	destruction	subs	HTn	20
346637	בְּֽלִ֫י	1438691	BLJ/	בְּלִי	destruction	subs	HTn	20
344116	בְּֽלִ֫י	1438691	BLJ/	בְּלִי	destruction	subs	HTn	20
220950	בְּלִ֖י	1438691	BLJ/	בְּלִי	destruction	subs	HTn	20
313207	בְּ֝לִ֗י	1438691	BLJ/	בְּלִי	destruction	subs	HTn	20
342009	בְּלִ֣י	1438691	BLJ/	בְּלִי	destruction	subs	HTn	20
225311	בְּלִ֔י	1438691	BLJ/	בְּלִי	destruction	subs	HTn	20
109152	בְּלִ֥י	1438691	BLJ/	בְּלִי	destruction	subs	HNcmsc	20
337184	בְּלִי	1438691	BLJ/	בְּלִי	destruction	subs	HNcmsc	20
99078	בְּלִי֙	1438691	BLJ/	בְּלִי	destruction	subs	HNcmsc	20
291784	בְּלִ֣י	1438691	BLJ/	בְּלִי	destruction	subs	HNcmsc	20
235625	בְּלִ֥י	1438691	BLJ/	בְּלִי	destruction	subs	HNcmsc	20
239625	בְּלִ֖י	1438691	BLJ/	בְּלִי	destruction	subs	HNcmsc	20
239564	בְּלִי	1438691	BLJ/	בְּלִי	destruction	subs	HNcmsc	20
239596	בְּלִ֖י	1438691	BLJ/	בְּלִי	destruction	subs	HNcmsc	20
281616	בְּלִ֣י	1438691	BLJ/	בְּלִי	destruction	subs	HNcmsc	20
340569	בְּלִי	1438691	BLJ/	בְּלִי	destruction	subs	HNcmsc	20
213650	בְּלִי	1438691	BLJ/	בְּלִי	destruction	subs	HNcmsc	20
303828	בְּלִ֣י	1438691	BLJ/	בְּלִי	destruction	subs	HNcmsc	20
270677	בְּלִ֣י	1438691	BLJ/	בְּלִי	destruction	subs	HNcmsc	20
337625	בְּלִי	1438691	BLJ/	בְּלִי	destruction	subs	HNcmsc	20
360281	בְּלִ֞י	1438691	BLJ/	בְּלִי	destruction	subs	HNcmsc	20
303833	בְּלִי	1438691	BLJ/	בְּלִי	destruction	subs	HNcmsc	20
363579	בְּלִי֙	1438691	BLJ/	בְּלִי	destruction	subs	HNcmsc	20
341981	בְּלִ֣י	1438691	BLJ/	בְּלִי	destruction	subs	HNcmsc	20
337278	בְּלִ֥י	1438691	BLJ/	בְּלִי	destruction	subs	HNcmsc	20
343583	בְּלִ֣י	1438691	BLJ/	בְּלִי	destruction	subs	HNcmsc	20
50963	אֲדָנִ֛ים	1439675	>DN/	אֶדֶן	pedestal	subs	HAcbsc	1
227528	יָֽחַד	1440900	JXD/	יַחַד	gathering	subs	HNcmsa	14
344650	יָֽחַד	1440900	JXD/	יַחַד	gathering	subs	HNcmsa	14
150987	יָֽחַד	1440900	JXD/	יַחַד	gathering	subs	HNcmsa	14
322861	יָ֑חַד	1440900	JXD/	יַחַד	gathering	subs	HNcmsa	14
325714	יָֽחַד	1440900	JXD/	יַחַד	gathering	subs	HNcmsa	14
147123	יָֽחַד	1440900	JXD/	יַחַד	gathering	subs	HNcmsa	14
320564	יָֽחַד	1440900	JXD/	יַחַד	gathering	subs	HNcmsa	14
333619	יָֽחַד	1440900	JXD/	יַחַד	gathering	subs	HNcmsa	14
226742	יָֽחַד	1440900	JXD/	יַחַד	gathering	subs	HNcmsa	14
337589	יָֽחַד	1440900	JXD/	יַחַד	gathering	subs	HNcmsa	14
346230	יָ֑חַד	1440900	JXD/	יַחַד	gathering	subs	HNcmsa	14
173945	יָ֑חַד	1440900	JXD/	יַחַד	gathering	subs	HNcmsa	14
227321	יָ֑חַד	1440900	JXD/	יַחַד	gathering	subs	HNcmsa	14
165599	יָֽחַד	1440900	JXD/	יַחַד	gathering	subs	HNcmsa	14
310753	יָ֑חַד	1440900	JXD/	יַחַד	gathering	subs	HD	3
293404	יַ֖חַד	1440900	JXD/	יַחַד	gathering	subs	HD	3
293422	יַ֖חַד	1440900	JXD/	יַחַד	gathering	subs	HD	3
85282	טֹּ֥בוּ	1437426	VWB[	טוב	be good	verb	HVqp3cp	8
77188	טֹ֥וב	1437426	VWB[	טוב	be good	verb	HVqp3ms	8
182439	הֱטִיבֹ֔תָ	1437426	VWB[	טוב	be good	verb	HVhp2ms	8
102327	טֹ֥וב	1437426	VWB[	טוב	be good	verb	HVqp3ms	8
96953	טֹ֣וב	1437426	VWB[	טוב	be good	verb	HVqq3ms	8
85212	טֹ֞וב	1437426	VWB[	טוב	be good	verb	HVqp3ms	8
201853	הֱטִיבֹ֨תָ֙	1437426	VWB[	טוב	be good	verb	HVhp2ms	8
358367	טֹּ֤בוּ	1437426	VWB[	טוב	be good	verb	HVqp3cp	8
291267	טֹ֥וב	1437426	VWB[	טוב	be good	verb	HAamsa	2
293076	טֹ֣וב	1437426	VWB[	טוב	be good	verb	HAamsa	2
215568	אָ֥נָה	1438197	>N	אָן	whither	inrg	HTi	4
17786	אָ֣נָה	1438197	>N	אָן	whither	inrg	HTi	4
334403	אָ֗נָה	1438197	>N	אָן	whither	inrg	HTi	4
7188	אָ֣נָה	1438197	>N	אָן	whither	inrg	HTi	4
310758	מְשִׁיחֹֽו	1439873	MCJX/	מָשִׁיחַ	anointed	subs	HAamsc	1
49152	שֵּׁ֖שׁ	1438992	CC=/	שֵׁשׁ	linen	subs	HNcmsa	5
48960	שֵּֽׁשׁ	1438992	CC=/	שֵׁשׁ	linen	subs	HNcmsa	5
51137	שֵּׁ֑שׁ	1438992	CC=/	שֵׁשׁ	linen	subs	HNcmsa	5
50855	שֵּֽׁשׁ	1438992	CC=/	שֵׁשׁ	linen	subs	HNcmsa	5
43832	שֵּֽׁשׁ	1438992	CC=/	שֵׁשׁ	linen	subs	HNcmsa	5
356181	מָרָ֔א	1438572	MR/	מַר	bitter	adjv	HNp	1
260328	אִ֥י	1437901	>J/	אִי	coast, island	subs	HTj	3
219483	אִֽי	1437901	>J/	אִי	coast, island	subs	HTj	3
219430	אִ֑י	1437901	>J/	אִי	coast, island	subs	HTj	3
139905	שֶׁ֔בַע	1438345	CB<==/	שֶׁבַע	Sheba	nmpr	HAcfsa	16
389697	שֶׁ֖בַע	1438345	CB<==/	שֶׁבַע	Sheba	nmpr	HAcfsa	16
415777	שֶׁ֨בַע֙	1438345	CB<==/	שֶׁבַע	Sheba	nmpr	HAcfsa	16
389732	שֶׁ֖בַע	1438345	CB<==/	שֶׁבַע	Sheba	nmpr	HAcfsa	16
170533	שֶׁ֔בַע	1438345	CB<==/	שֶׁבַע	Sheba	nmpr	HAcfsa	16
296582	שֶׁ֖בַע	1438345	CB<==/	שֶׁבַע	Sheba	nmpr	HAcfsa	16
401828	שֶׁ֖בַע	1438345	CB<==/	שֶׁבַע	Sheba	nmpr	HAcfsa	16
175464	שֶׁ֔בַע	1438345	CB<==/	שֶׁבַע	Sheba	nmpr	HAcfsa	16
421924	שֶׁ֣בַע	1438345	CB<==/	שֶׁבַע	Sheba	nmpr	HAcfsa	16
393227	שֶׁ֥בַע	1438345	CB<==/	שֶׁבַע	Sheba	nmpr	HAcfsa	16
123440	שֶׁ֥בַע	1438345	CB<==/	שֶׁבַע	Sheba	nmpr	HAcfsa	16
123442	שֶׁ֖בַע	1438345	CB<==/	שֶׁבַע	Sheba	nmpr	HAcfsa	16
191454	שֶׁ֖בַע	1438345	CB<==/	שֶׁבַע	Sheba	nmpr	HAcfsa	16
121878	שֶׁ֖בַע	1438345	CB<==/	שֶׁבַע	Sheba	nmpr	HAcfsa	16
175800	שֶׁ֔בַע	1438345	CB<==/	שֶׁבַע	Sheba	nmpr	HAcfsa	16
13598	שֶׁ֔בַע	1438345	CB<==/	שֶׁבַע	Sheba	nmpr	HAcfsa	16
298755	עִבְרִ֣י	1438110	<BRJ/	עִבְרִי	Hebrew	adjv	HNgmsa	13
143432	עִבְרִ֑ים	1438110	<BRJ/	עִבְרִי	Hebrew	adjv	HNgmpa	13
30858	עִבְרִ֖ים	1438110	<BRJ/	עִבְרִי	Hebrew	adjv	HNgmpa	13
22188	עִבְרִ֑ים	1438110	<BRJ/	עִבְרִי	Hebrew	adjv	HNgmpa	13
33037	עִבְרִ֔ים	1438110	<BRJ/	עִבְרִי	Hebrew	adjv	HNgmpa	13
147857	עִבְרִֽים	1438110	<BRJ/	עִבְרִי	Hebrew	adjv	HNgmpa	13
24786	עִבְרִים֙	1438110	<BRJ/	עִבְרִי	Hebrew	adjv	HNgmpa	13
29235	עִבְרִ֖ים	1438110	<BRJ/	עִבְרִי	Hebrew	adjv	HNgmpa	13
148223	עִבְרִ֔ים	1438110	<BRJ/	עִבְרִי	Hebrew	adjv	HNgmpa	13
33301	עִבְרִ֔ים	1438110	<BRJ/	עִבְרִי	Hebrew	adjv	HNgmpa	13
33847	עִבְרִ֔ים	1438110	<BRJ/	עִבְרִי	Hebrew	adjv	HNgmpa	13
159166	עִבְרִ֣ים	1438110	<BRJ/	עִבְרִי	Hebrew	adjv	HNgmpa	13
32063	עִבְרִים֙	1438110	<BRJ/	עִבְרִי	Hebrew	adjv	HNgmpa	13
152643	הִתְחַתֵּ֣ן	1438769	XTN[	חתן	be father-in-law	verb	HVtc	7
18601	הִֽתְחַתְּנ֖וּ	1438769	XTN[	חתן	be father-in-law	verb	HVtv2mp	7
97483	תִתְחַתֵּ֖ן	1438769	XTN[	חתן	be father-in-law	verb	HVti2ms	7
152620	הִתְחַתֵּ֥ן	1438769	XTN[	חתן	be father-in-law	verb	HVtv2ms	7
152720	הִתְחַתֵּ֖ן	1438769	XTN[	חתן	be father-in-law	verb	HVtc	7
152755	הִתְחַתֵּ֖ן	1438769	XTN[	חתן	be father-in-law	verb	HVtc	7
126453	הִֽתְחַתַּנְתֶּ֥ם	1438769	XTN[	חתן	be father-in-law	verb	HVtq2mp	7
129619	חֹתֵ֣ן	1438769	XTN[	חתן	be father-in-law	verb	HNcmsc	1
371072	חֲזֵ֖ית	1445061	XZH[	חזה	see	verb	ATr	1
239863	מ֖וּל	1438212	MWL[	מול	circumcise	verb	HR	1
382304	מִּצְרִ֖י	1438036	MYRJ/	מִצְרִי	Egyptian	adjv	HNgmsa	10
175265	מִּצְרִ֔י	1438036	MYRJ/	מִצְרִי	Egyptian	adjv	HNgmsa	10
21508	מִּצְרִ֖י	1438036	MYRJ/	מִצְרִי	Egyptian	adjv	HNgmsa	10
29415	מִּצְרִ֑י	1438036	MYRJ/	מִצְרִי	Egyptian	adjv	HNgmsa	10
397512	מִּצְרִ֔י	1438036	MYRJ/	מִצְרִי	Egyptian	adjv	HNgmsa	10
397482	מִּצְרִ֜י	1438036	MYRJ/	מִצְרִי	Egyptian	adjv	HNgmsa	10
21452	מִּצְרִֽי	1438036	MYRJ/	מִצְרִי	Egyptian	adjv	HNgmsa	10
175249	מִּצְרִי֙	1438036	MYRJ/	מִצְרִי	Egyptian	adjv	HNgmsa	10
397493	מִּצְרִ֤י	1438036	MYRJ/	מִצְרִי	Egyptian	adjv	HNgmsa	10
29368	מִּצְרִ֔י	1438036	MYRJ/	מִצְרִי	Egyptian	adjv	HNgmsa	10
371680	קֳבֵ֣ל	1445060	QBL/	קֳבֵל	opposite	subs	AR	5
373255	קֳבֵ֣ל	1445060	QBL/	קֳבֵל	opposite	subs	AR	5
371183	קָבְלָ֑ךְ	1445060	QBL/	קֳבֵל	opposite	subs	AR	5
373360	קֳבֵ֨ל	1445060	QBL/	קֳבֵל	opposite	subs	AR	5
373173	קֳבֵ֥ל	1445060	QBL/	קֳבֵל	opposite	subs	AR	5
23970	כֵּנִ֣ים	1439014	KN/	כֵּן	correct	adjv	HAampa	13
24034	כֵנִ֖ים	1439014	KN/	כֵּן	correct	adjv	HAampa	13
199173	כֵ֣ן	1439014	KN/	כֵּן	correct	adjv	HAamsa	13
24006	כֵנִ֖ים	1439014	KN/	כֵּן	correct	adjv	HAampa	13
260808	כֵ֑ן	1439014	KN/	כֵּן	correct	adjv	HAamsa	13
260811	כֵ֥ן	1439014	KN/	כֵּן	correct	adjv	HAamsa	13
23729	כֵּנִ֣ים	1439014	KN/	כֵּן	correct	adjv	HAampa	13
239089	כֵ֣ן	1439014	KN/	כֵּן	correct	adjv	HAamsa	13
205747	כֵ֔ן	1439014	KN/	כֵּן	correct	adjv	HAamsa	13
350772	כֵֽן	1439014	KN/	כֵּן	correct	adjv	HAamsa	13
23608	כֵּנִ֣ים	1439014	KN/	כֵּן	correct	adjv	HAampa	13
217563	כֵ֥ן	1439014	KN/	כֵּן	correct	adjv	HAamsa	13
246143	כֵֽן	1439014	KN/	כֵּן	correct	adjv	HAamsa	13
92641	כֵּ֛ן	1439014	KN/	כֵּן	correct	adjv	HTm	10
349793	כֵּן	1439014	KN/	כֵּן	correct	adjv	HTm	10
362082	כֵּן	1439014	KN/	כֵּן	correct	adjv	HTm	10
354600	כֵּ֣ן	1439014	KN/	כֵּן	correct	adjv	HTm	10
34441	כֵּ֣ן	1439014	KN/	כֵּן	correct	adjv	HTm	10
87018	כֵּ֗ן	1439014	KN/	כֵּן	correct	adjv	HTm	10
113450	כֵּ֗ן	1439014	KN/	כֵּן	correct	adjv	HTm	10
135537	כֵּ֔ן	1439014	KN/	כֵּן	correct	adjv	HTm	10
326354	כֵּ֣ן	1439014	KN/	כֵּן	correct	adjv	HTm	10
155703	כֵּֽן	1439014	KN/	כֵּן	correct	adjv	HTm	10
296736	כֵ֞ן	1439014	KN/	כֵּן	correct	adjv	HD	1
297962	כֻשִׁיִּ֨ים	1440236	KCJ/	כֻּשִׁי	Ethiopian	adjv	HNgmpa	2
303670	כּוּשִׁ֔ים	1440236	KCJ/	כֻּשִׁי	Ethiopian	adjv	HNgmpa	2
292903	רַבָּ֖ה	1437761	RBB[	רבב	be much	verb	HAafsa	1
169320	תְּמֹ֣ול	1438674	TMWL/	תְּמֹול	yesterday	subs	HD	7
356488	תְּמֹ֥ול	1438674	TMWL/	תְּמֹול	yesterday	subs	HD	7
31087	תְּמֹ֖ול	1438674	TMWL/	תְּמֹול	yesterday	subs	HD	7
162032	תְּמֹול֙	1438674	TMWL/	תְּמֹול	yesterday	subs	HD	7
154001	תְּמֹ֥ול	1438674	TMWL/	תְּמֹול	yesterday	subs	HD	7
397010	תְּמֹ֣ול	1438674	TMWL/	תְּמֹול	yesterday	subs	HD	7
30963	תְּמֹ֤ול	1438674	TMWL/	תְּמֹול	yesterday	subs	HD	7
172095	לא	1438221	LW	לוּ	if only	conj	HTn	1
374524	אַרְעָ֑א	1443346	>R</	אֲרַע	earth	subs	ATd	1
347016	חַ֝טָּאִ֗ים	1438067	XV>=/	חַטָּא	sinful	adjv	HNcmpa	1
374385	הִשְׁתְּכַ֣חַת	1445142	CKX[	שׁכח	find	verb	ANcfsa	1
303852	אָכֵן֙	1438594	>KN	אָכֵן	surely	intj	HD	1
370626	הֵ֣ן	1445041	HN	הֵן	if	conj	HC	7
370692	הֵן	1445041	HN	הֵן	if	conj	HC	7
371943	הֵן֙	1445041	HN	הֵן	if	conj	AC	7
371915	הֵ֧ן	1445041	HN	הֵן	if	conj	HC	7
371980	הֵ֣ן	1445041	HN	הֵן	if	conj	AC	7
372917	הֵ֛ן	1445041	HN	הֵן	if	conj	AC	7
371999	הֵ֣ן	1445041	HN	הֵן	if	conj	AC	7
370639	הֵ֨ן	1445041	HN	הֵן	if	conj	ATm	1
36352	שָׁלִשִׁ֖ם	1439427	CLJC=/	שָׁלִישׁ	adjutant	subs	HNcmpa	6
198946	שָּׁלִ֡ישׁ	1439427	CLJC=/	שָׁלִישׁ	adjutant	subs	HNcmsa	6
36976	שָֽׁלִשָׁ֖יו	1439427	CLJC=/	שָׁלִישׁ	adjutant	subs	HNcmpc	6
199475	שָּׁלִ֜ישׁ	1439427	CLJC=/	שָׁלִישׁ	adjutant	subs	HNcmsa	6
199413	שָּׁלִ֜ישׁ	1439427	CLJC=/	שָׁלִישׁ	adjutant	subs	HNcmsa	6
184215	שָׁלִשָׁ֔יו	1439427	CLJC=/	שָׁלִישׁ	adjutant	subs	HNcmpc	6
397216	שׁלושׁים	1439427	CLJC=/	שָׁלִישׁ	adjutant	subs	HAcbpa	2
398017	שׁלושׁים	1439427	CLJC=/	שָׁלִישׁ	adjutant	subs	HAcbpa	2
294738	צִיָּ֣ה	1443038	YJH/	צִיָּה	dry country	subs	HAafsa	1
233824	זוּלָ֣תְךָ֔	1440609	ZWLH/	זוּלָה	except	subs	HNcfsc	2
357210	זוּלָֽתְךָ֙	1440609	ZWLH/	זוּלָה	except	subs	HNcfsc	2
293766	זֽוּלָתִי֙	1440609	ZWLH/	זוּלָה	except	subs	HR	1
357349	מֹּאֲבִיָּה֩	1440620	MW>BJ/	מֹואָבִי	Moabite	adjv	HNgfsa	7
356710	מֹּואֲבִיָּ֑ה	1440620	MW>BJ/	מֹואָבִי	Moabite	adjv	HNgfsa	7
356340	מֹֽואֲבִיָּה֙	1440620	MW>BJ/	מֹואָבִי	Moabite	adjv	HNgfsa	7
356212	מֹּואֲבִיָּ֤ה	1440620	MW>BJ/	מֹואָבִי	Moabite	adjv	HNgfsa	7
357236	מֹּואֲבִיָּ֤ה	1440620	MW>BJ/	מֹואָבִי	Moabite	adjv	HNgfsa	7
356247	מֹּואֲבִיָּ֜ה	1440620	MW>BJ/	מֹואָבִי	Moabite	adjv	HNgfsa	7
355864	מֹֽאֲבִיֹּ֔ות	1440620	MW>BJ/	מֹואָבִי	Moabite	adjv	HNgfpa	7
128760	צִּ֣ידֹנִ֔י	1440632	YJDNJ/	צִידֹנִי	Sidonian	adjv	HNgmsa	1
374496	ה֣וּא	1445123	HW>	הוּא	he	prps	APp3ms	8
374074	ה֣וּא	1445123	HW>	הוּא	he	prps	APp3ms	8
370960	ה֛וּא	1445123	HW>	הוּא	he	prps	APp3ms	8
371187	ה֣וּא	1445123	HW>	הוּא	he	prps	APd3ms	8
373939	ה֔וּא	1445123	HW>	הוּא	he	prps	APp3ms	8
372762	ה֣וּא	1445123	HW>	הוּא	he	prps	APdxms	8
374267	ה֖וּא	1445123	HW>	הוּא	he	prps	APp3ms	8
370941	הוּא	1445123	HW>	הוּא	he	prps	APp3ms	8
371120	הֽוּא	1445123	HW>	הוּא	he	prps	HTa	4
371321	ה֔וּא	1445123	HW>	הוּא	he	prps	ATa	4
371547	ה֣וּא	1445123	HW>	הוּא	he	prps	ATa	4
371956	ה֣וּא	1445123	HW>	הוּא	he	prps	ATa	4
293827	אֵפֹ֔וא	1438571	>PW	אֵפֹו	then	intj	HD	1
371173	חַד֙	1445062	XD/	חַד	one	subs	AAcmsa	6
370696	חֲדָה	1445062	XD/	חַד	one	subs	AAcfsa	6
371241	חֲדָ֡ה	1445062	XD/	חַד	one	subs	AAcfsa	6
372040	חַ֨ד	1445062	XD/	חַד	one	subs	AAcmsa	6
373873	חַֽד	1445062	XD/	חַד	one	subs	AAcmsa	6
372697	חֲדָ֔ה	1445062	XD/	חַד	one	subs	AAcfsa	6
374272	חֲדָ֔ה	1445062	XD/	חַד	one	subs	ANcfsa	1
130741	אַלְפִּי֙	1440165	>LP==/	אֶלֶף	group of thousand	subs	HNcmsc	1
366136	יְמִינִֽי	1441312	JMJNJ/	יְמִינִי	Benjaminite	adjv	HNgmsa	2
129020	יְמִינִ֔י	1441312	JMJNJ/	יְמִינִי	Benjaminite	adjv	HNgmsa	2
372866	עִדָּנִ֖ין	1445057	<DN/	עִדָּן	time	subs	ANcmpa	9
372995	עִדָּנִ֖ין	1445057	<DN/	עִדָּן	time	subs	ANcmpa	9
371920	עִדָּנָ֡א	1445057	<DN/	עִדָּן	time	subs	ANcmsd	9
371697	עִדָּנָ֡א	1445057	<DN/	עִדָּן	time	subs	ANcmsd	9
372625	עִדָּנִ֖ין	1445057	<DN/	עִדָּן	time	subs	ANcmpa	9
370710	עִדָּנָ֖א	1445057	<DN/	עִדָּן	time	subs	ANcmsd	9
370679	עִדָּנָ֖א	1445057	<DN/	עִדָּן	time	subs	ANcmsd	9
374841	עִדָּֽן	1445057	<DN/	עִדָּן	time	subs	ANcmsa	9
370943	עִדָּנַיָּא֙	1445057	<DN/	עִדָּן	time	subs	ANcmpd	9
372826	עִדָּנִ֖ין	1445057	<DN/	עִדָּן	time	subs	AAcbsa	1
221216	נֶחֱרָצָ֜ה	1439374	XRY[	חרץ	cut off	verb	HVNrfsa	8
339552	חֲרוּצִ֨ים	1439374	XRY[	חרץ	cut off	verb	HVqsmpa	8
192932	חָרָֽצְתָּ	1439374	XRY[	חרץ	cut off	verb	HVqp2ms	8
215910	חָר֖וּץ	1439374	XRY[	חרץ	cut off	verb	HVqsmsa	8
215916	נֶחֱרָצָ֑ה	1439374	XRY[	חרץ	cut off	verb	HVNrfsa	8
376433	נֶ֣חֱרָצָ֔ה	1439374	XRY[	חרץ	cut off	verb	HVNrfsa	8
118840	חָרַ֞ץ	1439374	XRY[	חרץ	cut off	verb	HVqp3ms	8
34589	יֶֽחֱרַץ	1439374	XRY[	חרץ	cut off	verb	HVqi3ms	8
295253	חָרֽוּץ	1439374	XRY[	חרץ	cut off	verb	HNp	2
295245	חָר֑וּץ	1439374	XRY[	חרץ	cut off	verb	HNp	2
292448	אֹֽפֵהֶ֔ם	1438943	>PH/	אֹפֶה	baker	subs	HVqrmsc	2
292417	אֹפֶ֑ה	1438943	>PH/	אֹפֶה	baker	subs	HVqrmsa	2
129765	קֵּינִ֑י	1438184	QJNJ/	קֵינִי	Kenite	adjv	HNgmsa	5
129612	קֵּינִי֙	1438184	QJNJ/	קֵינִי	Kenite	adjv	HNgmsa	5
129777	קֵּינִֽי	1438184	QJNJ/	קֵינִי	Kenite	adjv	HNgmsa	5
127766	קֵינִי֩	1438184	QJNJ/	קֵינִי	Kenite	adjv	HNgmsa	5
130299	קֵּינִ֑י	1438184	QJNJ/	קֵינִי	Kenite	adjv	HNgmsa	5
373378	יְבַהֲלוּךְ֙	1445141	BHL[	בהל	disturb	verb	AVpi3mp	9
372710	יְבַהֲלָ֔ךְ	1445141	BHL[	בהל	disturb	verb	AVpi3ms	9
373350	מִתְבָּהַ֔ל	1445141	BHL[	בהל	disturb	verb	AVMrmsa	9
372137	הִתְבְּהָלָ֑ה	1445141	BHL[	בהל	disturb	verb	AVuc	9
374902	יְבַהֲלֻנַּֽנִי	1445141	BHL[	בהל	disturb	verb	AVpi3mp	9
371033	הִתְבְּהָלָ֔ה	1445141	BHL[	בהל	disturb	verb	AVuc	9
372410	יְבַהֲלֻנַּֽנִי	1445141	BHL[	בהל	disturb	verb	AVpi3mp	9
372700	יְבַהֲלֻנֵּ֑הּ	1445141	BHL[	בהל	disturb	verb	AVpi3mp	9
373277	יְבַהֲלוּנֵּ֑הּ	1445141	BHL[	בהל	disturb	verb	AVpi3mp	9
374320	הִ֨תְבְּהָלָ֔ה	1445141	BHL[	בהל	disturb	verb	ANcfsa	1
374181	תְּלָתָה֙	1445310	TLT/	תְּלָת	three	subs	AAcbsa	5
373870	תְּלָתָ֔א	1445310	TLT/	תְּלָת	three	subs	AAcmsa	5
372146	תְּלָתָ֜א	1445310	TLT/	תְּלָת	three	subs	AAcmsa	5
372118	תְּלָ֣תֵּהֹ֔ון	1445310	TLT/	תְּלָת	three	subs	AAcmsc	5
374071	תְּלָתָ֨ה	1445310	TLT/	תְּלָת	three	subs	AAcbsa	5
299528	רִבֹּ֜ו	1443976	RBW>/	רִבֹּוא	ten thousand	subs	HAcfsa	1
371784	יְהוּדָיֵֽא	1445289	JHWDJ/	יְהוּדָי	Jew	adjv	ANgmpd	2
371837	יְהוּדָאיִ֗ן	1445289	JHWDJ/	יְהוּדָי	Jew	adjv	ANgmpa	2
372834	עליא	1445318	<LJ/	עִלָּי	highest	adjv	AAamsd	8
373060	עליא	1445318	<LJ/	עִלָּי	highest	adjv	AAamsd	8
372874	עליא	1445318	<LJ/	עִלָּי	highest	adjv	AAamsd	8
373003	עליא	1445318	<LJ/	עִלָּי	highest	adjv	AAamsd	8
372204	עליא	1445318	<LJ/	עִלָּי	highest	adjv	AAamsd	8
373579	עליא	1445318	<LJ/	עִלָּי	highest	adjv	AAamsd	8
372366	עליא	1445318	<LJ/	עִלָּי	highest	adjv	AAamsd	8
373679	עליא	1445318	<LJ/	עִלָּי	highest	adjv	AAamsd	8
372643	עליא	1445318	<LJ/	עִלָּי	highest	adjv	ANcmsd	1
303541	כְּרֵתִ֑ים	1441762	KRTJ/	כְּרֵתִי	Cherethite	adjv	HNgmpa	1
337026	עָמֵ֣ל	1441370	<ML=/	עָמֵל	labouring	adjv	HAamsa	8
360040	עָמֵ֖ל	1441370	<ML=/	עָמֵל	labouring	adjv	HAamsa	8
359945	עָמֵ֖ל	1441370	<ML=/	עָמֵל	labouring	adjv	HAamsa	8
341104	עָמֵ֣ל	1441370	<ML=/	עָמֵל	labouring	adjv	HAamsa	8
362544	עָמֵ֖ל	1441370	<ML=/	עָמֵל	labouring	adjv	HAamsa	8
360696	עָמֵ֗ל	1441370	<ML=/	עָמֵל	labouring	adjv	HAamsa	8
351258	עָ֭מֵל	1441370	<ML=/	עָמֵל	labouring	adjv	HAamsa	8
360251	עָמֵֽל	1441370	<ML=/	עָמֵל	labouring	adjv	HAamsa	8
130324	עֲמֵלִ֑ים	1441370	<ML=/	עָמֵל	labouring	adjv	HNcmpa	1
349923	יָפִ֣יק	1442915	PWQ[	פוק	totter	verb	HVhi3ms	6
335205	מְפִיקִ֥ים	1442915	PWQ[	פוק	totter	verb	HVhrmpa	6
232103	תָפֵ֤ק	1442915	PWQ[	פוק	totter	verb	HVhi2ms	6
351819	יָּ֥פֶק	1442915	PWQ[	פוק	totter	verb	HVhw3ms	6
349165	יָּ֥פֶק	1442915	PWQ[	פוק	totter	verb	HVhw3ms	6
220942	פָּק֖וּ	1442915	PWQ[	פוק	totter	verb	HVqp3cp	6
347564	יָפִ֥יק	1442915	PWQ[	פוק	totter	verb	HNcfsa	1
173091	שֶׁ֥בַע	1441939	CB<=/	שֶׁבַע	Sheba	nmpr	HAcfsa	9
173220	שֶׁ֥בַע	1441939	CB<=/	שֶׁבַע	Sheba	nmpr	HAcfsa	9
173635	שֶׁ֤בַע	1441939	CB<=/	שֶׁבַע	Sheba	nmpr	HAcfsa	9
173128	שֶׁ֣בַע	1441939	CB<=/	שֶׁבַע	Sheba	nmpr	HAcfsa	9
173353	שֶׁ֥בַע	1441939	CB<=/	שֶׁבַע	Sheba	nmpr	HAcfsa	9
173263	שֶׁ֥בַע	1441939	CB<=/	שֶׁבַע	Sheba	nmpr	HAcfsa	9
173587	שֶׁ֧בַע	1441939	CB<=/	שֶׁבַע	Sheba	nmpr	HAcfsa	9
393655	שֶׁבַע	1441939	CB<=/	שֶׁבַע	Sheba	nmpr	HAcfsa	9
173432	שֶׁ֥בַע	1441939	CB<=/	שֶׁבַע	Sheba	nmpr	HAcfsa	9
370722	כשׂדיא	1445038	KFDJ/	כַּשְׂדָּי	Chaldaean	adjv	ANgmsd	6
371779	כַּשְׂדָּאִ֑ין	1445038	KFDJ/	כַּשְׂדָּי	Chaldaean	adjv	ANgmpa	6
370758	כַשְׂדָּֽי	1445038	KFDJ/	כַּשְׂדָּי	Chaldaean	adjv	ANgbsa	6
372431	כשׂדיא	1445038	KFDJ/	כַּשְׂדָּי	Chaldaean	adjv	ANgmpd	6
373296	כשׂדיא	1445038	KFDJ/	כַּשְׂדָּי	Chaldaean	adjv	ANgmpd	6
370622	כשׂדיא	1445038	KFDJ/	כַּשְׂדָּי	Chaldaean	adjv	ANgmsd	6
359817	כְּבָ֖ר	1444857	KBR/	כְּבָר	long time	subs	HD	7
360586	כְּבָ֣ר	1444857	KBR/	כְּבָר	long time	subs	HD	7
361418	כְּבָר֙	1444857	KBR/	כְּבָר	long time	subs	HD	7
360364	כְּבָ֣ר	1444857	KBR/	כְּבָר	long time	subs	HD	7
360370	כְּבָ֣ר	1444857	KBR/	כְּבָר	long time	subs	HD	7
359899	כְּבָ֞ר	1444857	KBR/	כְּבָר	long time	subs	HD	7
359420	כְּבָר֙	1444857	KBR/	כְּבָר	long time	subs	HD	7
78321	יַּ֧הַס	1440278	HSH[	הסה	be still	verb	HVhw3ms	4
297563	הָֽס	1440278	HSH[	הסה	be still	verb	HVpv2ms	4
129109	הָ֔ס	1440278	HSH[	הסה	be still	verb	HVpv2ms	4
297110	הָ֔ס	1440278	HSH[	הסה	be still	verb	HVpv2ms	4
302794	הַ֥ס	1440278	HSH[	הסה	be still	verb	HTj	2
303207	הַ֕ס	1440278	HSH[	הסה	be still	verb	HTj	2
373858	מְאָ֣ה	1445471	M>H/	מְאָה	hundred	subs	AAcbsa	1
324890	יִשְׁמְעֵאלִ֗ים	1438890	JCM<>LJ/	יִשְׁמְעֵאלִי	Ishmaelite	adjv	HNgmpa	3
132654	יִשְׁמְעֵאלִ֖ים	1438890	JCM<>LJ/	יִשְׁמְעֵאלִי	Ishmaelite	adjv	HNgmpa	3
20631	יִשְׁמְעֵאלִ֔ים	1438890	JCM<>LJ/	יִשְׁמְעֵאלִי	Ishmaelite	adjv	HNgmpa	3
374665	אַרְבַּ֛ע	1445314	>RB</	אַרְבַּע	four	subs	AAcbsa	2
372166	אַרְבְּעָ֗ה	1445314	>RB</	אַרְבַּע	four	subs	AAcbsa	2
372835	הִ֔יא	1445063	HJ>	הִיא	she	prps	APp3fs	6
370697	הִ֣יא	1445063	HJ>	הִיא	she	prps	APp3fs	6
380780	הִ֣יא	1445063	HJ>	הִיא	she	prps	APp3fs	6
372946	הִ֖יא	1445063	HJ>	הִיא	she	prps	APp3fs	6
371476	הִ֖יא	1445063	HJ>	הִיא	she	prps	APp3fs	6
374711	הִ֣יא	1445063	HJ>	הִיא	she	prps	APp3fs	6
370939	הִֽיא	1445063	HJ>	הִיא	she	prps	ATa	1
222244	אֲלָפִ֣ים	1440660	>LP/	אֶלֶף	cattle	subs	HNcmpa	6
108172	אֲלָפֶ֖יךָ	1440660	>LP/	אֶלֶף	cattle	subs	HNcmpc	6
311533	אֲלָפִ֣ים	1440660	>LP/	אֶלֶף	cattle	subs	HNcmpa	6
108439	אֲלָפֶ֖יךָ	1440660	>LP/	אֶלֶף	cattle	subs	HNcmpc	6
97723	אֲלָפֶ֨יךָ֙	1440660	>LP/	אֶלֶף	cattle	subs	HNcmpc	6
109054	אֲלָפֶ֖יךָ	1440660	>LP/	אֶלֶף	cattle	subs	HNcmpc	6
350421	אֲ֭לָפִים	1440660	>LP/	אֶלֶף	cattle	subs	HAcbpa	1
92235	פֶ֥תַע	1440202	PT</	פֶּתַע	instant	subs	HNcmsa	2
73533	פֶ֣תַע	1440202	PT</	פֶּתַע	instant	subs	HNcmsa	2
302585	פֶ֗תַע	1440202	PT</	פֶּתַע	instant	subs	HD	1
372931	עֲשַׂ֑ר	1445397	<FR/	עֲשַׂר	ten	subs	AAcmsa	1
301242	זַ֤עַף	1442995	Z<P/	זַעַף	rage	subs	HNcmsc	3
351956	זַ֣עַף	1442995	Z<P/	זַעַף	rage	subs	HNcmsc	3
222390	זַ֣עַף	1442995	Z<P/	זַעַף	rage	subs	HNcmsc	3
298910	זַּעְפֹּֽו	1442995	Z<P/	זַעַף	rage	subs	HVqc	1
374116	הֲ	1445148	H	הֲ	<interrogative>	inrg	ATi	6
372943	הֲ	1445148	H	הֲ	<interrogative>	inrg	ATi	6
372143	הֲ	1445148	H	הֲ	<interrogative>	inrg	ATi	6
374354	הַ	1445148	H	הֲ	<interrogative>	inrg	ATi	6
371895	הַ	1445148	H	הֲ	<interrogative>	inrg	ATi	6
371065	ה	1445148	H	הֲ	<interrogative>	inrg	ATi	6
357142	פְּלֹנִ֣י	1441706	PLNJ/	פְּלֹנִי	a certain	subs	HPf	1
372865	שִׁבְעָ֥ה	1445302	CB</	שְׁבַע	seven	subs	AAcbsa	5
372994	שִׁבְעָ֥ה	1445302	CB</	שְׁבַע	seven	subs	AAcbsa	5
372041	שִׁבְעָ֔ה	1445302	CB</	שְׁבַע	seven	subs	AAcmsa	5
372624	שִׁבְעָ֥ה	1445302	CB</	שְׁבַע	seven	subs	AAcbsa	5
372825	שִׁבְעָ֥ה	1445302	CB</	שְׁבַע	seven	subs	AAcbsa	5
372531	תְּחֹתֹ֜והִי	1443347	TXWT/	תְּחֹות	underneath	subs	AR	3
372580	תַּחְתֹּ֔והִי	1443347	TXWT/	תְּחֹות	underneath	subs	AR	3
372751	תְּחֹתֹ֗והִי	1443347	TXWT/	תְּחֹות	underneath	subs	AR	3
370605	אֲרָמִ֑ית	1442429	>RMJ=/	אֲרָמִי	in Aramaic	adjv	HNgmsa	1
358990	טֹּ֛וב	1442468	VWB==/	טֹוב	perfume	subs	HAamsa	1
355838	אֶפְרָתִ֔ים	1441448	>PRTJ/	אֶפְרָתִי	Ephrathite	adjv	HNgmpa	1
372585	בְּרַ֨ם	1445151	BRM	בְּרַם	but	advb	AC	3
372796	בְּרַ֨ם	1445151	BRM	בְּרַם	but	advb	AC	3
371095	בְּרַ֡ם	1445151	BRM	בְּרַם	but	advb	AC	3
373568	בְּרַ֗ם	1445151	BRM	בְּרַם	but	advb	AD	2
380290	בְּרַם֙	1445151	BRM	בְּרַם	but	advb	AD	2
373848	תַרְתֵּֽין	1445396	TRJN/	תְּרֵין	two	subs	AAcbpa	2
372930	תְּרֵֽי	1445396	TRJN/	תְּרֵין	two	subs	AAcmsc	2
291977	מָגִנֶּֽיהָ	1443866	MGN=/	מָגֵן	insolent	adjv	HNcbpc	1
373170	אֲלַ֑ף	1445421	>LP/	אֲלַף	thousand	subs	AAcmsa	2
373174	אַלְפָּ֖א	1445421	>LP/	אֲלַף	thousand	subs	AAcmsd	2
374388	אַ֤ף	1445517	>P	אַף	also	advb	ATa	1
302009	לוּבִ֔ים	1444024	LWBJ/	לוּבִי	Libyan	adjv	HNgmpa	1
371580	רַב	1445101	RB=/	רַב	chief	subs	AAamsc	3
372467	רַ֣ב	1445101	RB=/	רַב	chief	subs	AAamsc	3
370820	רַב	1445101	RB=/	רַב	chief	subs	AAamsc	3
394298	תַּ֨חַת֙	1446254	TXT==/	תַּחַת	Tahath	nmpr	HR	2
394165	תַּ֤חַת	1446254	TXT==/	תַּחַת	Tahath	nmpr	HR	2
395285	תַ֥חַת	1446254	TXT==/	תַּחַת	Tahath	nmpr	HNp	2
395279	תַ֣חַת	1446254	TXT==/	תַּחַת	Tahath	nmpr	HNp	2
371616	שִׁתִּ֔ין	1445248	CTJN/	שִׁתִּין	sixty	subs	AAcfpa	2
373846	שִׁתִּ֥ין	1445248	CTJN/	שִׁתִּין	sixty	subs	AAcbpa	2
358504	אֵיכָ֥כָה	1444832	>JKKH	אֵיכָכָה	how	inrg	HTi	3
358499	אֵיכָ֖כָה	1444832	>JKKH	אֵיכָכָה	how	inrg	HTi	3
368780	אֵיכָכָ֤ה	1444832	>JKKH	אֵיכָכָה	how	inrg	HTi	3
291032	לֹ֣א רֻחָ֑מָה	1443854	L>_RXMH/	לֹא רֻחָמָה	Lo-Ruhamah	nmpr	HTn	3
291074	לֹ֣א רֻחָ֑מָה	1443854	L>_RXMH/	לֹא רֻחָמָה	Lo-Ruhamah	nmpr	HTn	3
291573	לֹ֣א רֻחָ֑מָה	1443854	L>_RXMH/	לֹא רֻחָמָה	Lo-Ruhamah	nmpr	HTn	3
293825	אֱהִ֤י	1443898	>HJ	אֱהִי	where	inrg	HTi	3
293881	אֱהִ֤י	1443898	>HJ	אֱהִי	where	inrg	HTi	3
293878	אֱהִ֨י	1443898	>HJ	אֱהִי	where	inrg	HTi	3
373325	תַלְתִּ֥י	1445443	TLT=/	תְּלָת	triumvir	subs	AAomsa	1
370712	לָהֵ֗ן	1445053	LHN	לָהֵן	therefore	advb	AC	3
370653	לָהֵ֕ן	1445053	LHN	לָהֵן	therefore	advb	AC	3
372902	לָהֵ֣ן	1445053	LHN	לָהֵן	therefore	advb	AC	3
225628	עָקֹב֙	1443063	<QB==/	עָקֹב	something knobby	subs	HNcmsa	1
292331	עֲקֻבָּ֖ה	1443063	<QB==/	עָקֹב	something knobby	subs	HAafsa	1
371130	אַחֲרֵ֣י	1445160	>XR/	אַחַר	after	subs	HR	2
371510	אַחֲרֵ֣י	1445160	>XR/	אַחַר	after	subs	AR	2
228576	דוּמָ֛ם	1443136	DWMM	דּוּמָם	silently	advb	HD	1
302774	דּוּמָ֑ם	1443136	DWMM	דּוּמָם	silently	advb	HNcmsa	1
371236	הִמֹּֽון	1445187	HMWN	הִמֹּון	they	prps	APp3mp	2
372111	הִמֹּ֔ון	1445187	HMWN	הִמֹּון	they	prps	APp3mp	2
371257	הִמֹּון֙	1445187	HMWN	הִמֹּון	they	prps	ASp3mp	1
357143	אַלְמֹנִ֑י	1441707	>LMNJ/	אַלְמֹנִי	stranger	subs	HAabsa	1
365592	שֵׁ֖שׁ	1444839	CC==/	שֵׁשׁ	alabaster	subs	HAcfsa	3
358658	שֵׁ֔שׁ	1444839	CC==/	שֵׁשׁ	alabaster	subs	HAcfsa	3
365583	שֵׁ֑שׁ	1444839	CC==/	שֵׁשׁ	alabaster	subs	HAcfsa	3
362940	אִֽי	1444873	>J=	אִי	how	inrg	HTj	1
291084	לֹ֣א עַמִּ֑י	1443855	L>_<MJ/	לֹא עַמִּי	Lo-Ammi	nmpr	HTn	1
291577	לֹֽא־עַמִּי֙	1443855	L>_<MJ/	לֹא עַמִּי	Lo-Ammi	nmpr	HNp	1
384288	מֵּאָה֙	1445922	M>H=/	מֵאָה	the Hundred	nmpr	HAcbsa	2
390299	מֵּאָ֔ה	1445922	M>H=/	מֵאָה	the Hundred	nmpr	HAcbsa	2
292956	אָהֳבָֽם	1443885	>HB/	אֹהַב	display of love	subs	HVqc	1
348749	אֳהָבִֽים	1443885	>HB/	אֹהַב	display of love	subs	HNcmpa	1
374132	תְּלָתִ֗ין	1445485	TLTJN/	תְּלָתִין	thirty	subs	AAcmpa	2
374013	תְּלָתִ֗ין	1445485	TLTJN/	תְּלָתִין	thirty	subs	AAcmpa	2
374643	בֵּ֣ין	1445535	BJN/	בֵּין	between	subs	AR	1
370688	אַזְדָּ֖א	1445040	>ZD>	אַזְדָּא	publicly known	advb	AAafsa	2
370625	אַזְדָּ֑א	1445040	>ZD>	אַזְדָּא	publicly known	advb	AAafsa	2
212008	אֱוִ֣יל מְרֹדַךְ֩	1442522	>WJL_MRDK/	אֱוִיל מְרֹדַךְ	Evil-merodach	nmpr	HAamsa	2
264667	אֱוִ֣יל מְרֹדַךְ֩	1442522	>WJL_MRDK/	אֱוִיל מְרֹדַךְ	Evil-merodach	nmpr	HAamsa	2
370936	גְבוּרְתָ֖א	1445122	GBWRH/	גְּבוּרָה	power	subs	ANcfsd	1
370983	גְבוּרְתָ֖א	1445122	GBWRH/	גְּבוּרָה	power	subs	ATd	1
213275	אָנ֥וּ	1442588	>NH=[	אנה	mourn	verb	HD	2
218260	אָנוּ֙	1442588	>NH=[	אנה	mourn	verb	HD	2
143795	אִֽי־כָבֹוד֙	1441571	>JKBWD/	אִיכָבֹוד	Ichabod	nmpr	HTj	1
148366	אִיכָבֹ֣וד	1441571	>JKBWD/	אִיכָבֹוד	Ichabod	nmpr	HNp	1
348616	מֹדָ֗ע	1444673	MD<=/	מֹדָע	kinsman	subs	HNcmsa	1
356231	מידע	1444673	MD<=/	מֹדָע	kinsman	subs	HVPrmsa	1
371619	שִׁ֑ת	1445250	CT/	שֵׁת	six	subs	AAcfsa	1
356042	לָהֵן֙	1444778	LHN	לָהֵן	therefore	advb	HC	2
356036	לָהֵ֣ן	1444778	LHN	לָהֵן	therefore	advb	HC	2
358858	שּׁ֣וּלַמִּ֔ית	1444842	CWLMJ/	שׁוּלַמִּי	Shulammite	adjv	HNgfsa	2
358868	שּׁ֣וּלַמִּ֔ית	1444842	CWLMJ/	שׁוּלַמִּי	Shulammite	adjv	HNgfsa	2
128117	אָ֣שֵׁרִ֔י	1441296	>CRJ/	אָשֵׁרִי	from Asher	adjv	HNgmsa	1
372916	עֲנָ֑יִן	1445392	<NH/	עֲנֵה	humble	adjv	ANcmpa	1
291153	רֻחָֽמָה	1443857	RXMH==/	רֻחָמָה	Ruhamah	nmpr	HVPp3fs	1
372962	עֹ֗וד	1445402	<WD/	עֹוד	still	subs	AD	1
295121	יְּוָנִ֑ים	1443922	JWNJ/	יְוָנִי	Greek	adjv	HNgmpa	1
295187	חַלָּ֔שׁ	1443924	XLC/	חַלָּשׁ	weak man	subs	HAamsa	1
373840	מדיא	1445469	MDJ=/	מָדַי	Median	adjv	ANgmsd	1
373860	עֶשְׂרִ֑ין	1445472	<FRJN/	עֶשְׂרִין	twenty	subs	AAcbpa	1
296852	אָפֵ֖ל	1443944	>PL/	אָפֵל	darkness	subs	HAamsa	1
374067	נֶ֖גֶד	1445491	NGD/	נֶגֶד	toward	subs	AR	1
374543	פרסיא	1445524	PRSJ/	פַּרְסָי	Persian	adjv	ANgmsd	1
34847	נָ֔א	1439386	N>/	נָא	raw	adjv	HTe	1
301441	אֶלְקֹשִֽׁי	1444007	>LQCJ/	אֶלְקֹשִׁי	Elkoshite	adjv	HNgmsa	1
370659	תִנְיָנ֖וּת	1445054	TNJNWT	תִּנְיָנוּת	again	advb	AAobpa	1
370701	כִדְבָ֤ה	1445065	KDBH/	כִּדְבָה	lie	subs	AAafsa	1
303303	נְטִ֥ילֵי	1444056	NVJL/	נָטִיל	weighing	adjv	HNcmpc	1
303914	פּוּצַ֔י	1444072	PWYJ/	פּוּצַי	<uncertain>	subs	HVqsmsc	1
37694	מָ֣ן	1439492	MN=	מָן	what	prin	HTi	1
213261	כִּי	1442586	KJ/	כִּי	branding	subs	HC	1
13591	שִׁבְעָ֑ה	1438541	CB<H/	שִׁבְעָה	Shibah	nmpr	HAcmsa	1
371840	יָתְהֹון֙	1445290	JT	יָת	<nota accusativi>	prep	ATo	1
371896	צְדָּ֕א	1445295	YD>	צְדָא	really	advb	ANcmsa	1
358155	אֲחֻ֣זֵי	1444815	>XZ/	אָחֻז	holding	adjv	HVqsmpc	1
158427	אַל	1441754	>L==	אַל	where	inrg	HTn	1
